-0.92,0.00,-0.93,0.00,-0.96,0.00,-0.52,-0.03,-1.45,-0.19,-1.57,-0.27,-1.08,-0.10,-0.94,-0.10,-1.07,-0.03,-1.32,-0.23,-1.65,-0.15,-0.96,0.05,-0.36,0.00,-1.74,-0.34,-1.37,0.02,-1.66,-0.34,-1.54,-0.26,-1.79,-0.40,-1.70,-0.30,-1.62,-0.44,-1.88,-0.21,-2.10,-0.49,-2.41,-0.22,-2.29,-0.46,-2.29,-0.46,-2.31,-0.53,-2.04,-0.28,-1.00,0.13,-0.49,0.00,-1.08,0.48,-0.80,0.04,-1.80,-0.01,-0.40,0.18,-0.37,0.20,-0.37,0.20,-0.30,0.19,-0.41,0.22,-0.33,0.18,-0.41,0.13,-0.22,-0.07,-0.02,0.11,-0.16,-0.05,-0.30,-0.11,-0.80,-0.10,-0.74,-0.12,-0.95,-0.06,-0.27,-0.01,-0.27,-0.01,-0.40,-0.04,-0.12,0.01,-0.54,-0.01,-0.43,0.02
-0.09,0.02,-0.11,0.00,-0.12,0.00,0.02,0.03,-0.23,-0.03,-0.27,-0.06,-0.08,0.02,0.00,0.05,-0.10,-0.03,-0.05,0.10,-0.41,-0.13,-0.06,-0.02,0.02,-0.02,-0.31,-0.06,-0.23,0.00,-0.24,-0.02,-0.31,-0.10,-0.29,-0.05,-0.28,-0.05,-0.27,-0.11,-0.47,-0.13,-0.39,-0.07,-0.77,-0.18,-0.77,-0.35,-0.79,-0.37,-0.65,-0.24,-0.28,0.11,-0.08,0.08,0.04,0.01,-0.14,0.14,0.07,0.14,-0.37,0.02,0.07,0.10,0.08,0.11,0.08,0.11,0.11,0.14,0.07,0.12,0.08,0.06,0.09,0.09,-0.09,-0.14,-0.05,-0.06,-0.08,-0.13,-0.10,-0.16,0.04,0.02,0.02,0.01,0.07,0.05,0.08,0.04,0.08,0.04,0.09,0.04,0.07,0.03,0.09,0.05,0.10,0.03
0.03,-0.01,0.04,0.00,0.04,0.00,0.11,0.04,0.05,0.04,0.09,0.07,0.16,0.10,0.24,0.16,0.22,0.13,-0.02,-0.06,-0.06,-0.04,0.04,-0.07,0.16,0.07,0.07,0.07,0.15,0.14,0.00,0.00,0.03,0.01,0.05,0.06,0.16,0.15,0.16,0.12,-0.12,-0.07,0.02,0.06,-0.48,-0.28,-0.11,-0.01,-0.11,-0.01,-0.05,0.05,-0.12,-0.04,-0.08,-0.11,0.12,0.01,-0.31,-0.28,0.11,0.04,-0.33,-0.26,0.01,-0.06,-0.01,-0.08,-0.01,-0.08,-0.13,-0.18,0.03,-0.03,0.01,-0.09,-0.01,-0.09,0.26,0.18,0.11,0.08,0.23,0.16,0.30,0.21,0.21,0.09,0.18,0.08,0.27,0.12,0.13,0.04,0.13,0.04,0.15,0.04,0.11,0.04,0.17,0.05,0.19,0.03
-0.48,-0.04,-0.45,0.00,-0.46,0.00,-0.28,-0.01,-0.70,-0.13,-0.83,-0.24,-0.57,-0.10,-0.53,-0.11,-0.48,0.03,-0.76,-0.25,-0.71,-0.06,-0.51,-0.01,-0.21,0.02,-0.91,-0.28,-0.85,-0.22,-0.73,-0.14,-0.85,-0.27,-0.88,-0.26,-0.89,-0.27,-0.79,-0.23,-0.87,-0.15,-1.18,-0.49,-0.91,-0.01,-1.29,-0.53,-1.30,-0.54,-1.22,-0.49,-0.82,-0.09,-0.23,0.28,-0.31,-0.01,0.31,0.99,-0.21,0.21,-0.84,-0.09,-0.29,0.01,-0.29,0.01,-0.29,0.01,-0.35,-0.09,-0.27,0.06,-0.29,0.00,-0.28,0.02,-0.09,0.05,0.05,0.12,-0.09,0.02,-0.09,0.07,-0.37,0.00,-0.34,0.00,-0.45,0.02,-0.12,0.06,-0.12,0.06,-0.16,0.08,-0.10,0.01,-0.01,0.30,-0.32,0.00
0.62,-0.09,0.70,0.00,0.73,0.00,0.38,-0.01,0.77,-0.20,0.86,-0.13,0.66,-0.09,0.58,-0.07,0.78,-0.01,0.68,-0.15,0.91,-0.22,0.78,0.01,0.37,0.09,0.91,-0.16,0.73,-0.33,0.90,-0.10,0.70,-0.28,0.92,-0.14,0.87,-0.19,0.85,-0.07,0.84,-0.43,1.16,-0.06,2.00,0.28,1.29,-0.10,1.29,-0.10,1.37,0.03,0.63,-0.72,0.43,-0.43,0.38,-0.01,-0.03,-1.22,0.28,-0.38,1.28,-0.09,0.36,-0.11,0.36,-0.11,0.36,-0.11,0.42,0.02,0.34,-0.18,0.29,-0.11,0.39,-0.05,0.05,-0.10,-0.02,-0.15,0.02,-0.10,0.08,-0.09,0.49,-0.05,0.45,-0.04,0.59,-0.07,0.18,-0.04,0.18,-0.04,0.21,-0.07,0.12,0.00,0.38,-0.03,0.30,-0.07
-1.35,-0.01,-1.32,0.00,-1.38,0.00,-0.75,-0.02,-1.69,0.06,-1.76,0.04,-1.49,-0.09,-1.31,-0.08,-1.65,-0.14,-1.62,-0.11,-2.14,-0.10,-1.70,-0.17,-0.72,-0.18,-1.86,0.08,-1.93,0.01,-1.83,-0.03,-1.75,0.03,-1.82,0.10,-1.63,0.29,-1.71,0.04,-2.12,0.12,-2.20,-0.03,-3.06,-0.08,-2.13,0.27,-2.14,0.26,-1.97,0.34,-2.14,0.19,-1.42,0.16,-0.79,-0.02,-1.53,0.60,-1.19,0.05,-2.43,0.01,-1.06,-0.11,-1.07,-0.11,-1.08,-0.11,-1.01,-0.16,-1.16,-0.10,-0.88,-0.06,-1.14,-0.22,-0.42,-0.12,,,-0.31,-0.08,-0.54,-0.17,-1.13,-0.02,-1.03,-0.03,-1.36,0.01,-0.39,0.02,-0.39,0.02,-0.53,0.03,-0.21,0.00,-0.78,0.04,-0.71,0.01
0.05,-0.06,0.10,0.00,0.10,0.00,0.07,0.01,-0.05,-0.20,-0.01,-0.17,-0.02,-0.13,-0.01,-0.11,0.07,-0.06,-0.12,-0.27,-0.02,-0.20,0.01,-0.12,-0.03,-0.06,-0.02,-0.19,-0.03,-0.20,0.07,-0.08,0.05,-0.11,-0.01,-0.18,-0.07,-0.24,0.01,-0.14,0.06,-0.13,-0.11,-0.31,0.09,-0.12,0.08,-0.14,0.07,-0.15,0.09,-0.11,0.59,0.36,-0.19,-0.33,0.03,-0.03,-0.85,-1.04,-0.06,-0.16,0.13,-0.11,0.08,-0.01,0.08,-0.01,0.09,-0.01,0.01,-0.07,0.12,0.02,0.06,0.00,0.16,0.07,0.03,0.01,,,0.02,0.01,0.03,0.02,0.03,-0.06,-0.03,-0.12,0.17,0.06,0.03,0.00,0.03,0.00,0.03,0.00,0.01,0.01,0.07,0.02,0.04,-0.01
0.50,-0.07,0.56,0.00,0.58,0.00,0.38,-0.01,0.45,-0.24,0.44,-0.26,0.44,-0.18,0.42,-0.16,0.64,-0.08,0.43,-0.21,0.44,-0.31,0.61,-0.14,0.51,0.17,0.44,-0.29,0.40,-0.35,0.51,-0.19,0.48,-0.22,0.43,-0.30,0.27,-0.47,0.65,-0.06,0.45,-0.33,0.48,-0.29,0.69,-0.14,0.46,-0.32,0.46,-0.32,0.43,-0.30,0.54,-0.26,0.48,-0.17,0.40,-0.05,0.51,-0.28,0.33,-0.24,0.75,-0.08,0.47,0.01,0.47,0.01,0.48,0.01,0.48,0.08,0.48,-0.01,0.44,-0.02,0.47,-0.01,0.28,0.05,,,0.19,0.00,0.38,0.12,0.52,-0.08,0.45,-0.10,0.69,-0.05,0.34,0.05,0.34,0.05,0.42,0.06,0.23,0.05,0.52,0.04,0.49,0.00
-0.90,-0.02,-0.85,0.00,-0.88,0.00,-0.49,-0.02,-1.08,0.11,-1.18,0.05,-0.94,-0.02,-0.79,0.01,-0.99,0.00,-1.04,-0.03,-1.54,-0.13,-1.00,-0.01,-0.33,-0.01,-1.25,0.08,-1.18,0.14,-1.19,0.03,-1.11,0.10,-1.18,0.12,-1.44,-0.13,-1.09,0.08,-1.47,0.08,-1.29,0.22,-1.98,0.11,-1.65,0.04,-1.66,0.04,-1.63,0.00,-1.48,0.19,-0.70,0.36,-0.46,0.00,-0.38,1.10,-0.63,0.17,-1.52,0.21,-0.80,-0.17,-0.81,-0.18,-0.82,-0.18,-0.77,-0.21,-0.88,-0.17,-0.64,-0.13,-0.88,-0.29,-0.25,-0.10,,,-0.15,-0.04,-0.35,-0.17,-0.78,-0.07,-0.70,-0.07,-0.96,-0.10,-0.21,0.02,-0.21,0.02,-0.31,0.01,-0.08,0.02,-0.41,0.07,-0.43,-0.04
0.41,-0.02,0.44,0.00,0.45,0.00,0.27,-0.02,0.45,-0.11,0.49,-0.09,0.40,-0.08,0.40,-0.04,0.46,-0.07,0.36,-0.16,0.42,-0.20,0.38,-0.16,0.35,0.11,0.55,-0.05,0.33,-0.28,0.48,-0.09,0.51,-0.07,0.57,-0.03,0.64,0.04,0.55,-0.03,0.42,-0.25,0.62,-0.03,0.79,-0.05,0.34,-0.36,0.35,-0.36,0.21,-0.44,0.24,-0.45,0.30,-0.22,0.25,-0.08,0.10,-0.56,0.42,-0.02,0.45,-0.27,0.35,0.05,0.36,0.06,0.36,0.06,0.34,0.09,0.39,0.08,0.27,-0.05,0.35,0.05,0.26,0.11,,,0.19,0.07,0.34,0.16,0.26,-0.15,0.20,-0.17,0.41,-0.11,0.17,-0.04,0.17,-0.04,0.21,-0.06,0.11,-0.02,0.19,-0.14,0.33,-0.01
-0.11,-0.05,-0.06,0.00,-0.07,0.00,-0.03,0.00,-0.20,-0.13,-0.25,-0.18,-0.13,-0.08,-0.11,-0.05,-0.22,-0.15,-0.08,-0.03,-0.25,-0.18,-0.20,-0.12,-0.07,-0.04,-0.33,-0.25,-0.59,-0.52,-0.17,-0.10,-0.24,-0.17,-0.20,-0.13,-0.46,-0.39,-0.23,-0.16,-0.08,0.01,-0.49,-0.41,-0.23,-0.10,-0.09,-0.01,-0.09,-0.02,-0.11,-0.02,0.14,0.20,-0.03,0.03,-0.08,-0.03,0.45,0.52,-0.13,-0.07,-0.41,-0.34,-0.07,-0.03,-0.07,-0.03,-0.07,-0.03,-0.13,-0.09,-0.05,-0.01,-0.06,-0.02,-0.04,0.00,-0.02,0.01,,,-0.01,0.02,-0.03,0.00,-0.08,-0.02,-0.10,-0.05,-0.03,0.04,0.10,0.12,0.10,0.12,0.11,0.14,0.08,0.09,0.17,0.22,-0.08,-0.03
0.42,-0.01,0.38,0.00,0.40,0.00,0.17,-0.01,0.47,-0.13,0.51,-0.10,0.31,-0.09,0.19,-0.13,0.33,-0.04,0.54,0.06,0.77,0.02,0.32,-0.03,0.03,-0.04,0.58,-0.11,0.64,-0.02,0.58,-0.05,0.48,-0.12,0.60,-0.08,0.48,-0.19,0.39,-0.15,0.67,-0.18,0.76,-0.07,1.23,-0.02,0.87,-0.12,0.87,-0.12,0.90,-0.11,0.86,-0.12,0.28,-0.24,0.17,0.06,-0.10,-0.88,0.22,-0.12,1.00,0.00,0.42,0.10,0.44,0.11,0.44,0.11,0.48,0.16,0.47,0.08,0.26,0.10,0.46,0.20,-0.01,-0.03,,,-0.03,-0.04,0.00,-0.02,0.30,0.08,0.33,0.12,0.25,0.00,-0.07,-0.11,-0.07,-0.11,-0.10,-0.16,-0.04,-0.05,-0.03,-0.15,0.03,0.01
0.27,-0.16,0.40,0.00,0.42,0.00,0.21,0.02,0.24,-0.35,0.30,-0.31,0.36,-0.05,0.28,-0.06,0.46,0.03,0.50,0.03,0.65,-0.07,0.35,-0.08,0.06,-0.03,0.20,-0.47,-1.18,-1.84,0.46,-0.16,0.49,-0.11,0.58,-0.09,-0.51,-1.17,0.25,-0.31,0.75,-0.07,0.60,-0.19,1.12,-0.06,0.89,-0.03,0.88,-0.04,0.96,0.03,0.89,0.00,0.01,-0.50,0.14,-0.01,-0.44,-1.19,-0.27,-0.63,0.79,-0.14,0.14,-0.19,0.14,-0.20,0.15,-0.20,0.08,-0.24,0.20,-0.20,0.02,-0.19,0.22,-0.08,0.05,0.00,,,-0.01,-0.04,0.11,0.05,0.16,-0.12,0.11,-0.15,0.28,-0.06,0.07,0.02,0.07,0.02,0.10,0.03,0.02,0.02,0.19,0.02,0.13,0.02
0.32,-0.02,0.33,0.00,0.35,0.00,0.19,0.00,0.30,-0.10,0.29,-0.12,0.31,-0.03,0.31,0.00,0.37,-0.02,0.27,-0.09,0.32,-0.13,0.31,-0.08,0.08,-0.07,0.28,-0.16,0.31,-0.13,0.24,-0.18,0.25,-0.16,0.18,-0.26,0.46,0.03,0.32,-0.09,0.14,-0.34,0.23,-0.25,0.88,0.30,0.33,-0.18,0.32,-0.19,0.55,0.05,-0.14,-0.64,0.34,-0.02,0.24,0.02,0.28,-0.18,0.39,0.08,0.49,-0.03,0.33,0.05,0.33,0.05,0.33,0.05,0.36,0.11,0.33,0.02,0.28,0.03,0.36,0.08,0.15,0.03,,,0.12,0.01,0.18,0.04,0.35,0.04,0.38,0.10,0.28,-0.10,0.11,-0.02,0.11,-0.02,0.15,-0.02,0.05,-0.02,0.25,-0.01,0.24,0.02
0.06,-0.13,0.17,0.00,0.19,0.00,0.00,-0.01,0.05,-0.27,0.07,-0.27,0.12,-0.04,0.06,-0.03,0.16,0.06,0.18,-0.07,0.38,-0.08,0.08,0.00,-0.04,0.03,-0.04,-0.43,-0.11,-0.47,0.20,-0.14,0.13,-0.20,0.06,-0.31,-0.10,-0.46,-0.03,-0.30,0.34,-0.20,-0.44,-0.94,0.63,-0.25,0.71,0.05,0.71,0.05,0.73,0.05,0.59,-0.04,-0.02,-0.27,-0.07,-0.01,-0.06,-0.51,-0.50,-0.60,0.80,0.15,-0.07,-0.16,-0.07,-0.17,-0.07,-0.17,-0.11,-0.21,-0.06,-0.19,-0.08,-0.05,-0.06,-0.10,-0.10,0.01,,,-0.09,0.01,-0.11,0.00,-0.07,-0.06,-0.09,-0.09,-0.02,0.00,-0.07,0.02,-0.07,0.02,-0.08,0.02,-0.07,0.03,-0.04,0.03,-0.11,0.05
-0.14,-0.07,-0.06,0.00,-0.06,0.00,-0.01,0.03,-0.28,-0.18,-0.33,-0.24,-0.13,-0.06,-0.07,-0.01,-0.22,-0.14,-0.18,-0.11,-0.31,-0.19,-0.27,-0.20,-0.08,-0.06,-0.45,-0.34,-0.48,-0.37,-0.42,-0.33,-0.44,-0.34,-0.37,-0.27,-0.79,-0.68,-0.37,-0.28,-0.58,-0.45,-0.23,-0.11,0.05,0.22,-0.28,-0.14,-0.27,-0.12,-0.35,-0.20,-0.78,-0.63,-0.06,0.02,-0.02,0.01,0.14,0.26,0.03,0.09,-0.50,-0.35,-0.11,-0.05,-0.10,-0.05,-0.11,-0.05,-0.14,-0.09,-0.09,-0.03,-0.07,-0.03,-0.15,-0.09,0.02,0.02,,,0.03,0.03,0.01,0.01,-0.24,-0.18,-0.30,-0.24,-0.11,-0.05,0.01,0.02,0.01,0.02,0.03,0.05,-0.01,-0.01,0.06,0.09,-0.09,-0.07
0.59,-0.09,0.69,0.00,0.71,0.00,0.46,0.06,0.54,-0.28,0.62,-0.22,0.68,-0.02,0.64,0.00,0.70,-0.07,0.68,-0.03,0.91,-0.02,0.68,-0.10,0.34,0.02,0.57,-0.32,0.11,-0.79,0.79,-0.05,0.65,-0.19,0.98,0.09,-0.25,-1.12,0.70,-0.15,0.91,-0.09,0.76,-0.20,1.10,-0.18,0.76,-0.27,0.77,-0.26,0.59,-0.47,1.01,0.03,0.21,-0.54,0.48,0.02,-0.49,-1.43,-0.06,-0.71,1.09,0.04,0.50,-0.04,0.50,-0.03,0.50,-0.03,0.44,-0.04,0.55,-0.03,0.44,-0.06,0.55,0.01,0.23,-0.02,,,0.13,-0.08,0.33,0.04,0.50,-0.13,0.35,-0.23,0.83,0.07,0.29,0.01,0.29,0.01,0.41,0.06,0.13,-0.04,0.61,0.07,0.52,0.00
-0.59,0.08,-0.65,0.00,-0.68,0.00,-0.36,-0.02,-0.88,0.01,-0.94,-0.03,-0.71,-0.04,-0.58,0.00,-0.92,-0.25,-0.93,-0.19,-1.19,-0.10,-0.75,-0.10,-0.27,-0.07,-1.00,-0.01,-0.75,0.22,-1.09,-0.16,-1.06,-0.16,-1.09,-0.10,-0.91,0.03,-0.79,0.07,-1.31,-0.11,-1.03,0.12,-1.97,-0.27,-1.40,-0.08,-1.41,-0.08,-1.33,0.04,-1.31,-0.03,-0.63,0.15,-0.31,0.00,-0.46,0.62,-0.44,0.14,-1.55,-0.21,-0.22,0.27,-0.20,0.29,-0.20,0.29,-0.18,0.27,-0.23,0.32,-0.12,0.24,-0.23,0.21,0.02,0.13,,,0.21,0.30,-0.17,-0.03,-0.48,0.00,-0.44,0.01,-0.55,-0.01,-0.11,0.05,-0.11,0.05,-0.17,0.04,-0.01,0.08,-0.39,-0.05,-0.24,0.02
0.27,0.03,0.24,0.00,0.24,0.00,0.16,0.00,0.45,0.16,0.58,0.28,0.38,0.11,0.37,0.12,0.28,-0.02,0.28,0.03,0.48,0.16,0.37,0.05,0.19,0.07,0.75,0.44,0.62,0.31,0.56,0.26,0.72,0.42,0.76,0.45,0.84,0.53,0.75,0.45,0.59,0.26,0.85,0.52,0.45,0.09,0.07,-0.25,0.05,-0.27,0.12,-0.21,0.98,0.62,-0.05,-0.32,0.22,0.03,-0.46,-0.79,-0.13,-0.37,0.21,-0.14,0.15,-0.07,0.14,-0.08,0.14,-0.08,0.15,-0.05,0.13,-0.10,0.14,-0.06,0.17,-0.06,0.09,-0.01,,,0.07,-0.02,0.11,0.00,0.34,0.06,0.35,0.09,0.30,-0.02,0.11,0.00,0.11,0.00,0.15,0.02,0.05,-0.03,0.32,0.11,0.00,-0.16
-0.12,0.06,-0.17,0.00,-0.17,0.00,-0.11,-0.04,-0.14,0.09,-0.12,0.12,-0.07,0.09,-0.08,0.06,-0.11,0.06,0.04,0.22,-0.08,0.22,-0.11,0.05,-0.02,0.01,-0.13,0.14,-0.01,0.25,-0.23,0.02,-0.12,0.12,-0.24,0.02,-0.08,0.18,-0.15,0.07,-0.42,-0.08,0.04,0.36,-0.48,0.00,-0.22,0.15,-0.22,0.15,-0.18,0.20,-0.38,0.01,-0.22,-0.02,-0.04,0.02,-0.25,0.05,-0.27,-0.13,-0.40,-0.02,-0.03,0.09,-0.03,0.09,-0.03,0.10,-0.04,0.08,-0.02,0.13,-0.04,0.04,-0.09,0.02,-0.12,-0.11,,,-0.08,-0.08,-0.15,-0.15,0.00,0.12,0.04,0.15,-0.07,0.05,-0.03,-0.02,-0.03,-0.02,-0.03,-0.01,-0.02,-0.02,-0.07,-0.01,-0.01,0.00
0.35,0.07,0.25,0.00,0.26,0.00,0.15,-0.02,0.47,0.15,0.50,0.18,0.40,0.12,0.38,0.12,0.31,-0.01,0.59,0.30,0.43,0.08,0.40,0.06,0.23,0.07,0.54,0.20,0.46,0.12,0.52,0.20,0.56,0.23,0.51,0.18,0.57,0.23,0.50,0.18,0.42,0.07,0.62,0.26,0.31,-0.07,0.60,0.24,0.61,0.24,0.48,0.13,0.69,0.31,0.35,0.05,0.23,0.02,1.10,0.74,-0.14,-0.40,0.28,-0.12,0.34,0.10,0.35,0.11,0.36,0.11,0.37,0.15,0.36,0.10,0.31,0.09,0.35,0.10,0.14,0.02,,,0.10,-0.01,0.18,0.04,0.24,-0.05,0.23,-0.04,0.25,-0.08,0.16,0.04,0.16,0.04,0.18,0.03,0.14,0.05,0.24,0.01,0.24,0.01
-0.24,-0.16,-0.09,0.00,-0.10,0.00,0.02,0.05,-0.47,-0.36,-0.40,-0.29,-0.20,-0.11,-0.28,-0.21,-0.30,-0.20,0.72,0.80,-0.16,-0.02,-0.21,-0.11,-0.01,-0.01,-0.52,-0.39,-1.25,-1.12,-0.21,-0.10,-0.34,-0.23,-0.23,-0.11,-0.92,-0.80,-0.21,-0.09,-0.24,-0.09,-0.67,-0.53,-0.40,-0.16,-0.36,-0.20,-0.35,-0.19,-0.44,-0.27,-0.45,-0.29,-0.76,-0.66,-0.06,-0.03,-1.45,-1.32,-1.25,-1.19,-0.17,-0.01,-0.21,-0.16,-0.23,-0.18,-0.24,-0.18,-0.25,-0.21,-0.23,-0.17,-0.22,-0.17,-0.21,-0.16,-0.03,-0.03,,,-0.07,-0.08,0.01,0.02,0.05,0.12,0.01,0.07,0.12,0.21,0.04,0.03,0.04,0.03,0.04,0.04,0.03,0.01,0.11,0.15,-0.02,0.02
0.68,-0.23,0.89,0.00,0.93,0.00,0.49,-0.05,0.51,-0.61,0.48,-0.66,0.58,-0.36,0.49,-0.36,0.76,-0.25,0.47,-0.51,0.90,-0.40,0.82,-0.20,0.34,-0.03,0.34,-0.87,-0.36,-1.56,0.82,-0.34,0.61,-0.53,0.62,-0.58,-0.72,-1.90,0.71,-0.42,0.95,-0.43,0.56,-0.78,1.47,-0.24,1.21,-0.24,1.22,-0.23,0.99,-0.48,1.94,0.45,0.63,-0.38,0.47,-0.11,0.47,-0.83,0.50,-0.33,1.21,-0.30,0.58,-0.14,0.57,-0.15,0.57,-0.15,0.58,-0.08,0.56,-0.22,0.59,-0.04,0.63,-0.08,0.36,0.06,,,0.27,0.01,0.45,0.11,0.78,-0.07,0.73,-0.06,0.87,-0.09,0.25,-0.10,0.25,-0.10,0.35,-0.07,0.13,-0.10,0.27,-0.40,0.56,-0.05
-0.27,0.26,-0.53,0.00,-0.55,0.00,-0.29,0.02,0.03,0.69,0.00,0.68,-0.22,0.32,-0.11,0.38,-0.51,0.07,-0.83,-0.26,-0.35,0.42,-0.38,0.20,-0.13,0.07,0.18,0.90,0.92,1.62,-0.32,0.38,-0.11,0.56,-0.04,0.68,0.77,1.46,-0.23,0.43,-0.34,0.50,0.39,1.20,-0.76,0.34,-0.47,0.42,-0.47,0.42,-0.49,0.42,-0.55,0.35,0.15,0.75,-0.32,0.01,1.51,2.28,0.19,0.66,-0.87,0.03,-0.23,0.16,-0.22,0.17,-0.22,0.18,-0.24,0.12,-0.21,0.21,-0.17,0.17,-0.25,0.13,-0.26,-0.11,,,-0.21,-0.07,-0.32,-0.14,-0.40,0.08,-0.25,0.19,-0.69,-0.16,-0.18,0.01,-0.18,0.01,-0.23,0.00,-0.10,0.02,-0.38,-0.01,-0.45,-0.10
0.37,-0.03,0.40,0.00,0.41,0.00,0.23,0.00,0.43,-0.09,0.42,-0.11,0.32,-0.09,0.30,-0.07,0.49,0.06,0.07,-0.39,0.52,-0.10,0.34,-0.08,0.12,-0.02,0.46,-0.11,0.55,0.00,0.52,-0.02,0.42,-0.10,0.44,-0.13,0.41,-0.13,0.30,-0.20,0.72,0.07,0.52,-0.13,0.81,-0.02,0.53,-0.20,0.54,-0.19,0.48,-0.24,0.40,-0.34,0.45,-0.01,0.24,0.00,0.55,-0.06,0.41,0.06,0.68,-0.06,0.29,-0.01,0.29,-0.02,0.29,-0.02,0.31,0.03,0.29,-0.04,0.25,0.00,0.31,0.03,0.09,-0.02,,,0.08,-0.02,0.11,-0.02,0.41,0.08,0.37,0.05,0.50,0.13,0.16,0.02,0.16,0.02,0.18,0.01,0.11,0.02,0.35,0.09,0.20,-0.01
-0.09,0.19,-0.26,0.00,-0.28,0.00,-0.11,0.06,0.09,0.44,0.15,0.51,0.11,0.41,0.10,0.36,0.04,0.37,0.00,0.33,0.19,0.59,0.19,0.52,0.07,0.19,0.17,0.55,0.36,0.73,-0.02,0.34,0.06,0.42,0.06,0.43,0.34,0.71,0.00,0.35,0.02,0.43,0.38,0.81,0.10,0.55,0.13,0.59,0.13,0.58,0.24,0.67,0.15,0.62,-0.18,0.15,-0.17,0.01,-0.09,0.33,-0.24,0.01,-0.19,0.30,-0.04,0.19,-0.03,0.20,-0.03,0.20,-0.04,0.18,-0.03,0.22,-0.02,0.18,-0.02,0.21,0.06,0.14,,,0.18,0.24,-0.06,0.03,-0.19,0.09,-0.19,0.08,-0.20,0.11,-0.10,-0.01,-0.10,-0.01,-0.11,0.01,-0.10,-0.05,-0.08,0.13,-0.12,0.05
-0.32,0.01,-0.33,0.01,-0.34,0.00,-0.16,0.07,-0.41,-0.02,-0.44,-0.05,-0.21,0.14,-0.15,0.18,-0.28,0.12,-0.07,0.28,-0.36,0.06,-0.55,-0.14,-0.12,0.08,-0.55,-0.15,-0.61,-0.20,-0.35,0.05,-0.40,-0.01,-0.40,0.01,-0.97,-0.57,-0.59,-0.19,-0.32,0.11,-0.56,-0.13,-0.37,0.13,-0.54,-0.11,-0.54,-0.10,-0.63,-0.19,-0.24,0.19,-0.26,0.10,-0.24,0.03,-0.50,-0.08,-0.22,0.11,-0.06,0.39,-0.22,0.05,-0.23,0.05,-0.22,0.05,-0.13,0.12,-0.26,0.02,-0.26,0.02,-0.25,0.03,-0.32,-0.15,,,-0.34,-0.19,-0.29,-0.12,-0.22,0.13,-0.23,0.10,-0.21,0.18,-0.21,-0.02,-0.21,-0.02,-0.29,-0.07,-0.13,0.02,-0.24,0.07,-0.24,0.06
-0.80,0.16,-0.96,0.00,-0.99,0.00,-0.55,0.02,-0.89,0.27,-0.94,0.26,-0.75,0.24,-0.64,0.24,-0.80,0.25,-1.02,0.18,-1.15,0.21,-0.81,0.24,-0.29,0.09,-0.98,0.28,-1.23,0.01,-1.11,0.11,-0.99,0.20,-0.98,0.27,-0.80,0.42,-1.08,0.09,-1.17,0.28,-0.87,0.53,-1.37,0.37,-1.36,0.16,-1.37,0.16,-1.29,0.22,-1.38,0.17,-0.72,0.35,-0.57,0.07,-0.66,0.70,-0.56,0.29,-1.21,0.36,-0.51,0.24,-0.49,0.25,-0.49,0.25,-0.33,0.35,-0.57,0.24,-0.48,0.17,-0.61,0.10,-0.29,0.07,,,-0.24,0.09,-0.35,0.04,-0.76,0.13,-0.71,0.12,-0.85,0.13,-0.33,0.04,-0.33,0.04,-0.42,0.04,-0.21,0.05,-0.61,0.08,-0.58,0.08
0.19,-0.07,0.26,0.00,0.26,0.00,0.22,0.05,0.19,-0.12,0.23,-0.08,0.33,0.05,0.32,0.07,0.39,0.08,0.27,-0.05,0.37,0.03,0.32,0.01,0.14,0.01,0.17,-0.16,-0.44,-0.77,0.35,0.04,0.26,-0.06,0.32,-0.01,-0.11,-0.44,0.41,0.09,0.14,-0.21,0.18,-0.18,0.43,0.04,0.33,-0.04,0.33,-0.04,0.32,-0.04,0.35,-0.02,0.01,-0.28,0.19,0.00,-0.54,-0.89,-0.07,-0.32,0.52,0.13,0.10,-0.12,0.09,-0.13,0.09,-0.13,0.01,-0.19,0.12,-0.11,0.12,-0.09,0.07,-0.15,0.14,0.03,,,0.12,0.01,0.17,0.04,0.28,0.01,0.22,-0.04,0.41,0.11,0.17,0.05,0.17,0.05,0.20,0.06,0.13,0.05,0.31,0.09,0.27,0.02
0.15,0.04,0.11,0.00,0.11,0.00,0.04,0.02,0.28,0.11,0.24,0.07,0.26,0.16,0.27,0.19,0.20,0.10,0.27,0.10,0.26,0.03,0.23,0.13,0.05,0.04,0.21,0.02,-0.14,-0.32,0.29,0.11,0.19,0.02,0.33,0.14,-0.20,-0.37,0.29,0.14,0.24,-0.03,0.53,0.29,0.58,0.21,0.35,0.05,0.34,0.05,0.34,0.04,0.61,0.30,0.44,0.31,-0.01,-0.01,0.93,0.71,0.12,0.05,0.87,0.57,0.09,0.01,0.08,0.00,0.08,0.00,0.00,-0.07,0.11,0.01,0.11,0.08,0.11,0.06,0.02,0.04,,,0.01,0.03,0.04,0.05,0.22,0.15,0.19,0.13,0.26,0.20,0.01,0.04,0.01,0.04,-0.01,0.02,0.01,0.05,0.12,0.12,-0.05,-0.03
0.14,-0.04,0.17,-0.01,0.18,0.00,0.02,-0.07,0.17,-0.06,0.19,-0.04,0.21,0.02,0.21,0.04,0.23,0.01,0.16,-0.07,0.23,-0.03,0.26,0.04,0.06,0.00,0.17,-0.07,-0.21,-0.45,0.24,0.01,0.24,0.01,0.36,0.12,-0.13,-0.36,0.22,0.00,0.24,-0.03,0.25,-0.02,0.27,-0.03,0.20,-0.09,0.19,-0.09,0.26,-0.01,0.17,-0.13,0.08,-0.13,0.09,-0.02,-0.20,-0.47,0.13,-0.03,0.32,0.02,0.08,-0.07,0.09,-0.06,0.09,-0.06,0.09,-0.03,0.09,-0.07,0.05,-0.07,0.10,-0.04,0.09,0.05,,,0.06,0.02,0.13,0.07,0.01,-0.18,0.03,-0.15,-0.03,-0.23,-0.01,-0.05,-0.01,-0.05,-0.03,-0.09,0.00,-0.01,0.01,-0.12,0.14,0.02
-0.12,0.04,-0.16,0.00,-0.16,0.00,-0.13,-0.02,-0.15,0.03,-0.12,0.06,-0.11,0.06,-0.12,0.05,-0.05,0.18,0.02,0.17,-0.09,0.09,-0.22,0.02,0.00,0.10,-0.12,0.06,-0.76,-0.56,-0.01,0.16,0.02,0.20,0.09,0.28,-0.57,-0.39,0.08,0.28,0.06,0.24,-0.04,0.14,0.23,0.41,-0.07,0.08,-0.06,0.10,-0.27,-0.12,-0.04,0.11,-0.30,-0.13,-0.18,-0.03,-0.57,-0.37,-0.39,-0.22,-0.05,0.13,-0.05,0.10,-0.02,0.13,-0.02,0.13,0.11,0.24,-0.07,0.08,-0.03,0.14,-0.10,0.06,-0.07,0.03,0.00,0.12,-0.04,0.05,-0.09,0.01,-0.54,-0.31,-0.60,-0.38,-0.41,-0.17,-0.08,0.00,-0.08,0.00,-0.10,0.00,-0.04,0.01,-0.20,-0.03,-0.16,-0.01
0.47,-0.27,0.73,0.00,0.77,0.00,0.32,-0.07,0.32,-0.61,0.40,-0.56,0.49,-0.26,0.35,-0.30,0.69,-0.10,0.64,-0.43,0.94,-0.18,0.74,-0.05,0.22,0.01,0.26,-0.76,-0.88,-1.87,0.84,-0.12,0.73,-0.21,0.87,-0.15,-1.41,-2.38,0.57,-0.36,1.09,-0.13,0.43,-0.74,1.39,-0.15,1.19,-0.12,1.19,-0.11,1.10,-0.15,1.29,-0.03,0.00,-0.83,0.37,-0.02,-1.32,-2.43,-0.26,-0.87,1.43,0.08,0.29,-0.27,0.30,-0.26,0.30,-0.27,0.25,-0.26,0.35,-0.27,0.18,-0.26,0.28,-0.23,0.13,-0.08,0.03,-0.29,0.10,-0.09,0.16,-0.06,0.26,-0.39,0.18,-0.44,0.41,-0.29,0.15,-0.02,0.15,-0.02,0.20,-0.04,0.10,0.02,0.09,-0.35,0.39,-0.03
-0.35,-0.05,-0.32,0.00,-0.32,0.00,-0.24,-0.06,-0.60,-0.25,-0.68,-0.33,-0.35,-0.04,-0.35,-0.06,-0.53,-0.16,-0.28,0.10,-0.49,-0.12,-0.12,0.26,0.05,0.16,-0.86,-0.50,-1.39,-1.03,-0.39,-0.05,-0.53,-0.19,-0.54,-0.18,-2.22,-1.86,-0.40,-0.04,-0.58,-0.20,-0.64,-0.26,-0.21,0.19,-0.61,-0.23,-0.61,-0.24,-0.54,-0.17,-0.49,-0.12,-0.22,0.10,-0.27,-0.03,0.24,0.62,-0.39,-0.10,-0.46,-0.06,-0.17,0.08,-0.15,0.09,-0.15,0.09,-0.07,0.14,-0.18,0.08,-0.18,0.06,-0.15,0.09,-0.19,-0.04,-0.15,0.06,-0.16,-0.02,-0.21,-0.06,-0.43,-0.09,-0.41,-0.10,-0.46,-0.08,-0.17,-0.04,-0.17,-0.04,-0.19,-0.02,-0.13,-0.06,-0.26,0.01,-0.32,0.02
-0.23,0.01,-0.24,0.00,-0.25,0.00,-0.08,0.04,-0.24,0.08,-0.27,0.06,-0.20,0.04,-0.17,0.04,-0.19,0.05,-0.34,0.04,-0.35,0.05,-0.19,0.04,-0.05,-0.01,-0.28,0.07,-0.07,0.26,-0.27,0.06,-0.21,0.11,-0.30,0.05,-0.28,0.04,-0.19,0.12,-0.34,0.09,-0.42,-0.01,-0.36,0.21,-0.48,0.00,-0.48,-0.01,-0.42,0.03,-0.51,-0.02,-0.11,0.16,-0.12,-0.01,0.11,0.49,-0.10,0.09,-0.38,0.10,-0.20,-0.03,-0.21,-0.04,-0.22,-0.04,-0.23,-0.07,-0.22,-0.03,-0.15,-0.03,-0.22,-0.07,-0.06,-0.01,-0.03,0.06,-0.05,0.00,-0.07,-0.02,-0.10,0.08,-0.09,0.09,-0.13,0.06,-0.04,0.01,-0.04,0.01,-0.05,0.02,-0.03,-0.01,-0.07,0.05,-0.13,-0.03
-0.03,0.12,-0.15,0.00,-0.16,0.00,-0.11,-0.05,-0.06,0.15,-0.05,0.16,-0.01,0.13,0.05,0.16,-0.12,0.01,0.10,0.36,-0.19,0.08,-0.16,-0.03,0.04,0.06,-0.03,0.20,0.13,0.35,-0.18,0.03,-0.12,0.08,-0.14,0.09,0.39,0.60,-0.09,0.11,-0.32,-0.02,-0.07,0.21,-0.68,-0.27,-0.33,0.00,-0.33,0.00,-0.29,0.03,-0.41,-0.07,-0.10,0.08,-0.05,-0.01,0.02,0.27,-0.05,0.05,-0.35,-0.02,0.14,0.24,0.16,0.26,0.16,0.26,0.15,0.25,0.19,0.31,0.05,0.11,0.17,0.25,-0.09,-0.08,-0.05,-0.02,-0.07,-0.06,-0.12,-0.10,-0.02,0.07,0.03,0.12,-0.11,-0.02,-0.05,-0.04,-0.05,-0.04,-0.08,-0.06,-0.02,-0.03,-0.04,0.01,-0.03,0.01
0.64,-0.14,0.78,0.01,0.80,0.00,0.56,0.09,0.58,-0.34,0.62,-0.32,0.52,-0.28,0.39,-0.33,0.72,-0.16,0.83,-0.18,0.88,-0.18,0.76,-0.15,0.32,0.02,0.64,-0.34,0.24,-0.74,0.88,-0.06,0.63,-0.32,0.92,-0.07,0.11,-0.83,0.82,-0.12,0.98,-0.14,0.61,-0.47,0.97,-0.34,0.85,-0.29,0.88,-0.26,0.46,-0.64,1.05,-0.11,0.39,-0.45,0.52,0.00,-0.34,-1.41,0.34,-0.35,1.07,-0.14,0.52,-0.12,0.50,-0.14,0.50,-0.14,0.43,-0.15,0.54,-0.16,0.49,-0.09,0.52,-0.12,0.51,0.17,0.44,-0.01,0.46,0.14,0.58,0.21,0.85,0.04,0.73,-0.06,1.09,0.24,0.43,0.15,0.43,0.15,0.50,0.15,0.32,0.14,0.86,0.29,0.57,0.02
0.33,-0.33,0.67,0.00,0.69,0.00,0.42,-0.01,-0.09,-0.89,-0.13,-0.94,0.19,-0.48,0.15,-0.45,0.39,-0.29,-0.04,-0.92,0.20,-0.73,0.54,-0.15,0.25,-0.01,-0.42,-1.28,-1.42,-2.25,0.53,-0.30,0.03,-0.80,0.26,-0.60,-2.68,-3.48,0.03,-0.76,0.46,-0.56,-0.21,-1.17,1.19,-0.09,0.93,-0.13,0.93,-0.13,0.84,-0.19,0.87,-0.20,0.06,-0.66,0.38,-0.05,-0.65,-1.56,-0.46,-1.03,1.02,-0.06,0.31,-0.21,0.30,-0.22,0.30,-0.22,0.23,-0.25,0.32,-0.25,0.34,-0.10,0.34,-0.16,0.38,0.08,0.30,-0.08,0.33,0.04,0.43,0.12,0.49,-0.10,0.36,-0.21,0.72,0.11,0.34,0.06,0.34,0.06,0.39,0.06,0.27,0.06,0.44,0.00,0.45,0.03
-0.12,-0.09,-0.03,0.00,-0.02,0.00,-0.03,-0.02,-0.38,-0.35,-0.50,-0.46,-0.46,-0.44,-0.48,-0.46,-0.23,-0.20,-0.70,-0.67,-0.51,-0.46,-0.20,-0.17,0.03,0.03,-0.55,-0.52,-0.73,-0.70,-0.51,-0.48,-0.49,-0.46,-0.45,-0.41,-1.32,-1.29,-0.30,-0.27,-0.76,-0.72,-0.08,-0.04,-0.26,-0.20,-0.18,-0.14,-0.18,-0.13,-0.23,-0.19,-0.02,0.03,0.13,0.15,-0.09,-0.08,0.65,0.70,0.23,0.25,-0.26,-0.21,0.02,0.04,0.03,0.05,0.03,0.05,0.03,0.04,0.05,0.07,-0.01,0.01,0.03,0.05,-0.09,-0.09,-0.04,-0.04,-0.08,-0.08,-0.11,-0.10,-0.21,-0.18,-0.24,-0.21,-0.16,-0.13,0.01,0.00,0.01,0.00,0.02,0.01,0.02,0.01,-0.17,-0.16,-0.08,-0.07
0.52,-0.12,0.64,0.00,0.65,0.00,0.43,0.03,0.42,-0.32,0.36,-0.39,0.45,-0.20,0.46,-0.14,0.45,-0.28,0.49,-0.34,0.32,-0.52,0.64,-0.11,0.33,0.08,0.29,-0.50,0.25,-0.53,0.65,-0.11,0.70,-0.07,0.76,-0.03,-0.44,-1.19,0.09,-0.67,0.51,-0.38,-0.17,-1.03,0.86,-0.14,0.62,-0.28,0.61,-0.29,0.65,-0.22,0.93,0.01,0.70,0.02,0.47,0.02,1.08,0.23,0.60,0.02,0.74,-0.22,0.45,-0.09,0.46,-0.08,0.46,-0.08,0.46,-0.02,0.47,-0.10,0.40,-0.09,0.45,-0.08,0.23,-0.07,0.15,-0.24,0.18,-0.10,0.28,-0.03,0.38,-0.29,0.48,-0.17,0.19,-0.52,0.24,-0.01,0.24,-0.01,0.29,-0.01,0.17,0.00,0.42,-0.06,0.46,0.00
0.24,-0.20,0.46,0.00,0.48,0.00,0.19,-0.07,0.15,-0.42,0.12,-0.47,-0.14,-0.61,-0.11,-0.53,-0.19,-0.67,-0.52,-1.16,-0.25,-0.92,-0.05,-0.54,0.07,-0.07,0.19,-0.43,0.86,0.28,0.27,-0.31,0.21,-0.38,0.29,-0.35,-0.21,-0.76,0.15,-0.40,0.17,-0.57,0.08,-0.61,0.70,-0.24,0.58,-0.20,0.59,-0.20,0.55,-0.21,0.71,-0.09,0.32,-0.20,0.29,0.02,0.07,-0.62,0.31,-0.08,0.61,-0.20,0.04,-0.24,0.03,-0.24,0.03,-0.24,-0.06,-0.32,0.06,-0.23,0.10,-0.16,0.06,-0.22,0.01,-0.11,0.00,-0.20,0.01,-0.10,0.01,-0.10,0.21,-0.21,0.15,-0.27,0.33,-0.10,0.12,-0.03,0.12,-0.03,0.15,-0.03,0.07,-0.02,0.21,-0.07,0.25,0.02
0.16,-0.30,0.48,0.00,0.50,0.00,0.27,0.00,-0.26,-0.87,-0.33,-0.96,-0.84,-1.31,-1.01,-1.41,-0.26,-0.70,-0.48,-1.25,-0.52,-1.28,-0.27,-0.72,-0.24,-0.37,-0.22,-0.89,0.10,-0.52,0.08,-0.56,-0.02,-0.66,0.26,-0.43,-1.79,-2.37,0.15,-0.42,0.03,-0.81,-0.29,-1.08,0.83,-0.24,0.82,-0.12,0.84,-0.11,0.55,-0.33,0.85,-0.13,0.06,-0.49,0.14,-0.09,-0.17,-0.94,-0.18,-0.56,0.51,-0.47,0.15,-0.13,0.13,-0.15,0.13,-0.15,0.05,-0.22,0.17,-0.12,0.11,-0.12,0.17,-0.10,0.01,-0.08,0.01,-0.15,0.00,-0.08,0.01,-0.07,0.52,0.15,0.44,0.06,0.66,0.30,0.17,0.04,0.17,0.04,0.26,0.11,0.04,-0.05,0.45,0.23,0.17,0.03
0.15,0.19,-0.05,0.00,-0.05,0.00,-0.04,-0.01,0.42,0.47,0.45,0.50,0.50,0.54,0.62,0.66,0.09,0.13,0.46,0.53,0.23,0.28,0.06,0.10,0.04,0.06,0.49,0.54,1.37,1.42,0.28,0.33,0.41,0.46,0.27,0.31,1.15,1.20,-0.11,-0.06,0.46,0.51,0.49,0.54,0.28,0.33,-0.07,-0.01,-0.07,-0.01,-0.02,0.04,-0.12,-0.06,0.29,0.34,-0.04,0.00,0.79,0.84,0.40,0.44,0.09,0.14,0.14,0.16,0.16,0.19,0.16,0.19,0.24,0.27,0.14,0.16,0.12,0.15,0.13,0.15,0.22,0.24,0.31,0.34,0.19,0.21,0.24,0.26,-0.24,-0.21,-0.53,-0.50,0.29,0.34,-0.05,-0.02,-0.05,-0.02,-0.05,-0.02,-0.04,-0.01,-0.06,-0.02,-0.05,0.00
0.02,0.14,-0.13,0.00,-0.14,0.00,-0.03,0.05,0.28,0.44,0.32,0.49,0.15,0.28,0.20,0.31,0.03,0.14,0.14,0.33,0.08,0.28,-0.09,0.02,0.00,0.04,0.46,0.64,1.38,1.54,-0.06,0.11,0.09,0.26,0.06,0.25,1.03,1.18,0.72,0.87,0.31,0.53,0.67,0.87,0.32,0.63,-0.18,0.07,-0.17,0.08,-0.30,-0.06,-0.01,0.24,0.11,0.25,-0.03,0.04,0.71,0.91,0.14,0.24,-0.36,-0.11,-0.03,0.04,-0.05,0.02,-0.05,0.02,-0.01,0.06,-0.06,0.01,-0.05,0.01,-0.06,0.01,0.01,0.05,-0.02,0.05,0.00,0.04,0.02,0.06,0.23,0.32,0.49,0.57,-0.23,-0.14,-0.05,0.01,-0.05,0.01,-0.08,-0.02,-0.02,0.02,0.13,0.20,-0.06,0.00
-0.22,0.32,-0.59,0.00,-0.61,0.00,-0.31,0.01,0.14,0.82,0.17,0.86,-0.15,0.43,-0.10,0.43,-0.50,0.13,0.42,1.16,-0.22,0.54,-0.53,0.14,-0.34,-0.16,0.42,1.15,1.50,2.23,-0.31,0.38,-0.01,0.69,-0.10,0.64,2.12,2.79,0.05,0.74,-0.22,0.61,0.49,1.29,-0.99,-0.03,-0.51,0.34,-0.51,0.34,-0.46,0.34,-0.68,0.19,0.00,0.63,-0.35,0.03,1.00,1.82,0.11,0.63,-0.67,0.22,-0.08,0.24,-0.05,0.25,-0.05,0.25,-0.01,0.26,-0.05,0.25,-0.07,0.27,-0.12,0.21,-0.29,-0.15,-0.18,0.11,-0.24,-0.10,-0.36,-0.21,-0.53,0.08,-0.51,0.09,-0.56,0.06,-0.19,0.01,-0.19,0.01,-0.24,0.01,-0.12,0.01,-0.42,-0.01,-0.28,0.08
-0.08,0.26,-0.37,0.00,-0.38,0.00,-0.19,0.03,0.43,0.85,0.52,0.95,0.26,0.63,0.28,0.62,-0.14,0.27,0.40,0.84,0.32,0.79,0.05,0.48,0.02,0.14,0.73,1.18,0.57,1.02,0.12,0.55,0.46,0.90,0.41,0.87,1.66,2.08,0.56,0.99,0.45,0.96,1.23,1.72,-0.29,0.31,-0.18,0.34,-0.18,0.33,-0.06,0.43,-0.38,0.13,0.03,0.43,-0.26,0.01,0.56,1.07,0.15,0.49,-0.27,0.27,-0.19,0.02,-0.19,0.02,-0.19,0.02,-0.18,0.00,-0.19,0.02,-0.19,0.04,-0.22,0.00,-0.22,-0.11,-0.16,0.05,-0.21,-0.11,-0.24,-0.13,-0.20,0.19,-0.20,0.18,-0.20,0.20,-0.16,0.00,-0.16,0.00,-0.18,0.00,-0.12,-0.01,-0.33,-0.04,-0.32,-0.07
0.77,0.17,0.66,0.00,0.68,0.00,0.44,0.04,1.27,0.52,1.35,0.59,1.06,0.40,1.00,0.39,1.00,0.30,1.50,0.72,1.47,0.64,0.73,-0.01,0.06,-0.19,1.54,0.75,1.83,1.04,1.21,0.46,1.47,0.70,1.38,0.58,2.56,1.82,1.03,0.27,1.52,0.63,1.40,0.54,0.20,-0.84,0.93,0.03,0.94,0.03,0.87,0.00,0.87,-0.04,0.91,0.22,0.51,0.04,1.13,0.26,1.06,0.46,1.04,0.10,0.41,0.03,0.37,0.00,0.37,0.00,0.36,0.03,0.38,0.01,0.32,-0.09,0.38,-0.02,0.38,0.16,0.29,-0.09,0.34,0.12,0.44,0.22,1.21,0.54,1.49,0.83,0.72,0.03,0.24,-0.05,0.24,-0.05,0.27,-0.07,0.20,-0.02,0.44,-0.06,0.46,-0.04
-0.04,0.02,-0.06,0.00,-0.06,0.00,-0.10,-0.06,0.14,0.20,0.21,0.26,0.03,0.10,0.01,0.08,-0.01,0.08,-0.03,0.03,0.15,0.20,0.00,0.10,-0.07,-0.04,0.24,0.30,0.08,0.14,0.24,0.29,0.16,0.22,0.00,0.05,0.84,0.91,-0.07,-0.01,0.29,0.33,0.43,0.48,0.15,0.13,0.63,0.66,0.63,0.66,0.60,0.63,0.56,0.59,-0.16,-0.10,-0.08,-0.01,-0.28,-0.22,-0.27,-0.19,-0.01,0.03,-0.19,-0.14,-0.19,-0.14,-0.19,-0.14,-0.28,-0.24,-0.17,-0.13,-0.09,-0.02,-0.14,-0.09,-0.05,-0.02,-0.05,0.01,-0.05,-0.02,-0.05,-0.02,-0.24,-0.14,-0.26,-0.16,-0.20,-0.09,-0.03,0.02,-0.03,0.02,-0.03,0.02,-0.02,0.01,-0.06,0.02,-0.12,-0.03
0.58,0.06,0.56,0.00,0.57,0.00,0.36,0.01,0.71,0.07,0.72,0.07,0.67,0.09,0.62,0.08,0.93,0.29,0.85,0.20,0.68,-0.01,0.90,0.21,0.43,0.20,0.75,0.08,0.85,0.18,0.76,0.13,0.67,0.02,0.82,0.14,0.36,-0.29,0.82,0.17,0.77,0.04,0.95,0.24,1.02,0.22,0.63,-0.08,0.64,-0.07,0.48,-0.22,0.65,-0.08,0.70,0.10,0.46,0.03,0.93,0.19,0.45,-0.09,1.08,0.32,0.49,0.14,0.46,0.13,0.46,0.13,0.51,0.21,0.46,0.12,0.37,-0.02,0.51,0.14,0.51,0.30,0.26,-0.08,0.36,0.17,0.69,0.49,0.96,0.32,1.11,0.48,0.70,0.04,0.21,-0.04,0.21,-0.04,0.24,-0.06,0.18,0.00,0.27,-0.19,0.47,0.02
0.38,-0.04,0.45,0.00,0.47,0.00,0.22,-0.04,0.54,0.00,0.58,0.03,0.35,-0.10,0.26,-0.15,0.50,0.04,0.49,-0.09,0.63,0.02,0.53,0.04,0.24,0.00,0.66,0.08,0.61,0.03,0.59,0.04,0.56,0.01,0.55,-0.05,0.70,0.16,0.68,0.14,0.75,0.06,0.89,0.24,0.92,0.11,0.81,0.12,0.81,0.12,0.79,0.13,0.69,-0.01,0.39,-0.11,0.30,0.00,0.12,-0.53,0.23,-0.16,0.98,0.26,0.12,-0.14,0.10,-0.14,0.10,-0.14,0.02,-0.20,0.14,-0.12,0.11,-0.15,0.19,-0.08,0.27,0.15,0.16,-0.04,0.23,0.12,0.31,0.20,0.32,-0.12,0.34,-0.11,0.28,-0.15,0.17,0.01,0.17,0.01,0.17,-0.03,0.17,0.05,0.28,-0.04,0.32,0.05
0.08,0.18,-0.11,0.00,-0.12,0.00,0.01,0.07,0.34,0.47,0.35,0.47,0.10,0.22,0.11,0.23,0.14,0.28,-0.09,0.04,0.10,0.24,0.02,0.19,-0.13,-0.05,0.48,0.61,1.08,1.22,0.09,0.21,0.21,0.34,0.28,0.41,1.41,1.54,0.23,0.37,0.43,0.56,0.31,0.45,0.46,0.59,0.26,0.38,0.26,0.38,0.29,0.40,0.12,0.24,0.33,0.45,-0.05,0.04,1.11,1.25,0.52,0.63,-0.20,-0.06,0.06,0.13,0.06,0.13,0.06,0.13,0.09,0.14,0.06,0.13,0.06,0.14,0.01,0.09,-0.12,-0.09,-0.05,0.01,-0.10,-0.07,-0.15,-0.12,0.01,0.17,0.01,0.16,0.01,0.17,0.06,0.10,0.06,0.10,0.06,0.11,0.07,0.08,0.07,0.18,-0.05,0.05
-0.43,0.25,-0.75,0.00,-0.77,0.00,-0.39,-0.02,-0.17,0.74,-0.11,0.82,-0.13,0.59,-0.06,0.58,-0.39,0.31,-0.12,0.87,-0.40,0.65,-0.15,0.59,-0.08,0.23,-0.02,0.98,0.57,1.56,-0.40,0.53,-0.09,0.84,-0.32,0.70,0.99,1.91,-0.20,0.70,-0.34,0.87,-0.20,0.93,-0.99,0.53,-0.80,0.44,-0.80,0.45,-0.79,0.40,-1.10,0.15,-0.42,0.40,-0.40,0.01,-0.16,0.97,-0.18,0.44,-1.01,0.26,-0.28,0.08,-0.28,0.06,-0.28,0.06,-0.22,0.09,-0.34,0.02,-0.16,0.20,-0.31,0.06,-0.30,-0.20,-0.18,0.08,-0.28,-0.17,-0.33,-0.24,-0.25,0.40,-0.08,0.58,-0.55,0.09,-0.10,0.09,-0.10,0.09,-0.12,0.12,-0.06,0.06,-0.47,-0.04,-0.30,0.09
0.40,0.04,0.38,0.00,0.40,0.00,0.23,0.00,0.55,0.10,0.60,0.14,0.57,0.18,0.49,0.13,0.68,0.27,0.77,0.31,0.79,0.30,0.74,0.30,0.00,-0.22,0.60,0.12,1.00,0.52,0.65,0.20,0.57,0.12,0.33,-0.15,0.92,0.46,0.21,-0.24,1.01,0.47,0.70,0.18,0.62,-0.02,0.71,0.18,0.72,0.19,0.68,0.16,0.28,-0.26,0.34,-0.08,0.35,0.07,-0.25,-0.78,0.42,0.06,0.84,0.29,0.27,0.04,0.26,0.05,0.26,0.05,0.19,0.00,0.30,0.08,0.20,-0.04,0.36,0.12,0.22,0.10,0.15,-0.06,0.19,0.08,0.25,0.15,0.43,0.02,0.45,0.05,0.39,-0.02,0.18,0.01,0.18,0.01,0.18,-0.01,0.16,0.04,0.26,-0.05,0.45,0.17
0.17,-0.11,0.29,0.00,0.30,0.00,0.21,0.05,0.02,-0.34,-0.01,-0.38,0.22,-0.08,0.17,-0.09,0.36,0.08,0.25,-0.19,0.34,-0.08,0.31,0.01,0.26,-0.04,-0.22,-0.61,-0.54,-0.94,0.18,-0.19,-0.03,-0.40,-0.19,-0.59,-0.64,-1.01,-0.11,-0.46,0.07,-0.39,-0.26,-0.70,0.25,-0.32,0.71,0.21,0.69,0.20,0.92,0.45,0.46,-0.03,0.17,-0.15,0.19,0.01,-0.25,-0.69,0.18,-0.07,0.59,0.09,0.15,-0.01,0.13,-0.02,0.13,-0.03,0.10,-0.04,0.12,-0.04,0.19,0.04,0.25,0.09,0.21,0.14,0.13,0.01,0.18,0.11,0.23,0.17,0.50,0.24,0.45,0.18,0.59,0.33,0.11,0.01,0.11,0.01,0.13,0.01,0.09,0.02,0.11,-0.08,0.21,0.04
0.28,0.01,0.29,0.00,0.30,0.00,0.12,-0.01,0.39,0.00,0.38,-0.02,0.29,0.01,0.24,0.00,0.35,0.09,0.39,-0.02,0.46,0.00,0.42,0.14,0.25,0.02,0.35,-0.08,0.31,-0.12,0.34,-0.06,-0.02,-0.42,0.37,-0.07,0.39,0.00,0.30,-0.08,0.57,0.00,0.54,0.03,1.74,0.97,1.00,0.42,1.02,0.43,0.85,0.29,0.74,0.15,0.42,0.09,0.14,0.03,0.33,-0.18,0.27,0.05,1.08,0.48,0.16,0.02,0.15,0.02,0.15,0.02,0.13,0.01,0.18,0.05,0.07,-0.04,0.12,-0.01,-0.03,-0.03,-0.04,-0.08,-0.03,-0.04,-0.02,-0.02,0.24,0.00,0.30,0.05,0.14,-0.08,0.19,0.17,0.19,0.17,0.20,0.16,0.17,0.17,0.27,0.16,0.08,0.01
-0.62,0.03,-0.70,0.00,-0.72,0.00,-0.40,0.02,-0.87,-0.04,-0.89,-0.06,-0.77,-0.05,-0.76,-0.11,-0.60,0.14,-0.85,0.03,-0.83,0.09,-0.77,0.02,-0.68,0.14,-0.93,-0.05,-1.11,-0.22,-0.88,-0.05,-0.86,-0.02,-0.94,-0.05,-0.58,0.26,-0.82,0.00,-0.98,0.03,-1.31,-0.35,-1.49,-0.30,-1.09,-0.09,-1.10,-0.09,-1.19,-0.21,-0.54,0.47,-0.74,0.02,-0.50,0.00,-1.12,-0.15,-0.68,-0.05,-0.74,0.31,-0.28,0.13,-0.25,0.14,-0.25,0.14,-0.21,0.15,-0.27,0.14,-0.28,0.15,-0.24,0.18,-0.39,-0.18,-0.24,0.11,-0.36,-0.15,-0.43,-0.23,-0.72,0.02,-0.71,0.05,-0.75,-0.02,-0.27,0.00,-0.27,0.00,-0.33,0.00,-0.19,0.00,-0.56,-0.03,-0.42,0.08
0.15,0.08,0.07,0.00,0.07,0.00,0.07,0.01,0.35,0.26,0.38,0.28,0.32,0.23,0.33,0.25,0.33,0.23,0.28,0.19,0.25,0.15,0.39,0.28,0.57,0.47,0.43,0.34,0.40,0.31,0.17,0.09,0.45,0.36,0.29,0.20,0.71,0.61,0.45,0.36,0.17,0.07,0.57,0.47,0.12,0.02,0.17,0.08,0.17,0.07,0.22,0.13,0.29,0.19,0.24,0.15,0.09,0.02,0.46,0.35,0.09,0.01,0.41,0.30,0.06,0.00,0.06,0.00,0.06,0.00,0.07,0.02,0.06,0.01,-0.02,-0.08,0.09,0.02,0.10,0.07,0.02,-0.03,0.10,0.06,0.11,0.08,0.09,-0.01,0.11,0.00,0.07,-0.04,0.07,0.02,0.07,0.02,0.06,0.01,0.07,0.04,0.08,0.00,0.09,0.03
0.67,-0.06,0.79,0.00,0.81,0.00,0.46,0.02,0.85,-0.11,0.86,-0.11,0.75,-0.02,0.71,0.03,0.77,0.02,1.06,-0.01,0.92,-0.19,0.65,-0.14,0.27,-0.50,0.88,-0.16,1.06,0.03,0.89,-0.08,0.85,-0.12,0.90,-0.16,0.87,-0.12,0.80,-0.14,1.27,0.00,0.78,-0.39,1.42,-0.18,1.15,-0.14,1.15,-0.14,1.19,-0.05,0.88,-0.42,0.78,-0.08,0.44,-0.02,0.99,-0.16,0.66,0.01,1.15,-0.18,0.33,-0.09,0.30,-0.10,0.30,-0.10,0.22,-0.15,0.33,-0.08,0.31,-0.10,0.37,-0.04,0.34,0.16,0.21,-0.08,0.31,0.12,0.37,0.21,0.72,-0.01,0.73,-0.03,0.71,0.02,0.27,0.02,0.27,0.02,0.31,0.02,0.21,0.04,0.45,-0.02,0.45,0.03
0.38,-0.01,0.42,0.00,0.43,0.00,0.23,-0.01,0.56,0.05,0.59,0.07,0.30,-0.10,0.24,-0.12,0.48,0.10,0.29,-0.26,0.54,-0.05,0.36,-0.05,0.38,-0.01,0.73,0.18,1.14,0.59,0.57,0.05,0.58,0.06,0.55,-0.02,1.30,0.78,0.48,-0.02,0.65,-0.04,0.72,0.10,0.93,0.02,0.59,-0.11,0.59,-0.11,0.53,-0.15,0.83,0.13,0.42,-0.03,0.17,-0.07,0.65,0.04,0.34,0.00,0.63,-0.08,0.14,-0.08,0.13,-0.08,0.13,-0.08,0.02,-0.18,0.17,-0.05,0.14,-0.06,0.19,-0.02,0.12,0.03,0.07,-0.08,0.11,0.01,0.13,0.05,0.34,-0.04,0.40,0.01,0.25,-0.10,0.17,0.04,0.17,0.04,0.20,0.05,0.13,0.04,0.27,0.04,0.22,0.00
0.05,-0.14,0.20,0.00,0.21,0.00,0.11,-0.02,-0.15,-0.37,-0.18,-0.41,-0.28,-0.48,-0.34,-0.52,0.06,-0.14,-0.55,-0.82,-0.21,-0.47,0.13,-0.08,0.26,0.02,-0.15,-0.39,-0.18,-0.43,-0.10,-0.33,-0.16,-0.38,-0.12,-0.37,-0.02,-0.25,-0.21,-0.44,-0.20,-0.46,-0.30,-0.56,0.20,-0.11,0.01,-0.27,0.00,-0.27,0.09,-0.17,-0.09,-0.36,0.00,-0.21,0.07,-0.08,-0.21,-0.46,-0.14,-0.32,0.28,0.00,0.06,-0.07,0.05,-0.07,0.05,-0.07,0.08,-0.03,0.05,-0.07,0.01,-0.12,0.04,-0.08,0.21,0.13,0.13,0.03,0.20,0.12,0.22,0.15,0.11,-0.10,0.12,-0.08,0.08,-0.12,0.11,0.02,0.11,0.02,0.11,0.00,0.11,0.03,0.14,-0.01,0.08,-0.09
0.19,-0.02,0.21,0.00,0.22,0.00,0.14,-0.03,0.21,-0.04,0.23,-0.03,0.09,-0.16,0.14,-0.10,0.08,-0.19,0.22,-0.04,-0.20,-0.46,0.14,-0.15,0.14,-0.17,0.33,0.08,0.24,-0.02,0.29,0.05,0.54,0.29,0.20,-0.05,0.53,0.27,0.23,-0.03,0.41,0.16,0.31,0.04,-0.11,-0.33,-0.06,-0.30,-0.04,-0.29,-0.24,-0.48,0.00,-0.26,0.13,-0.12,0.08,-0.13,0.22,-0.06,0.24,0.01,-0.04,-0.32,0.16,-0.01,0.15,-0.01,0.15,-0.01,0.19,0.05,0.14,-0.02,0.13,-0.05,0.13,-0.04,0.16,0.05,0.11,-0.04,0.14,0.03,0.18,0.08,0.25,-0.05,0.21,-0.09,0.31,0.02,0.17,0.04,0.17,0.04,0.19,0.04,0.16,0.05,0.23,0.01,0.12,-0.07
0.76,0.09,0.75,0.00,0.78,0.00,0.35,0.00,1.25,0.32,1.21,0.25,0.98,0.31,0.87,0.30,0.71,0.11,1.45,0.46,1.52,0.39,0.90,0.29,0.83,0.32,1.28,0.23,1.72,0.70,0.99,0.02,0.82,-0.12,1.28,0.18,1.77,0.80,0.88,-0.02,1.21,-0.18,1.45,0.25,1.77,-0.25,1.59,0.17,1.57,0.15,1.89,0.52,1.53,0.13,1.43,0.63,0.47,0.17,3.02,1.85,1.19,0.65,1.37,-0.03,0.27,-0.01,0.27,-0.01,0.27,-0.01,0.20,-0.06,0.31,0.02,0.22,-0.05,0.32,0.05,0.09,0.03,0.03,-0.12,0.09,0.02,0.09,0.04,0.37,-0.15,0.43,-0.12,0.28,-0.19,0.11,-0.03,0.11,-0.03,0.13,-0.05,0.09,0.00,0.20,-0.09,0.24,0.00
0.60,0.08,0.59,0.00,0.61,0.00,0.26,0.01,1.04,0.30,1.11,0.34,0.59,0.06,0.51,0.07,0.55,0.08,0.71,-0.08,0.95,0.04,0.56,0.06,0.42,0.02,1.35,0.51,1.29,0.46,0.94,0.16,1.17,0.43,1.40,0.53,1.26,0.48,1.17,0.46,1.45,0.33,1.81,0.84,2.03,0.43,1.29,0.14,1.28,0.13,1.30,0.20,1.34,0.20,0.73,0.10,0.22,0.02,1.14,0.18,0.55,0.16,1.18,0.05,0.14,-0.03,0.11,-0.04,0.11,-0.04,0.07,-0.08,0.12,-0.03,0.17,0.00,0.12,-0.04,0.03,0.06,-0.03,-0.08,-0.03,0.00,0.07,0.12,0.61,0.19,0.71,0.24,0.47,0.10,0.02,-0.03,0.02,-0.03,0.06,-0.03,-0.02,-0.03,0.17,-0.02,0.09,-0.03
-0.78,0.25,-1.15,0.01,-1.19,0.00,-0.51,0.10,-0.81,0.59,-0.83,0.62,-0.68,0.44,-0.60,0.38,-0.69,0.39,-0.41,1.07,-0.96,0.69,-0.91,0.25,-1.15,-0.06,-0.80,0.74,-0.40,1.14,-1.04,0.41,-0.78,0.63,-0.90,0.68,-0.33,1.14,-0.71,0.67,-1.24,0.66,-1.06,0.66,-2.16,0.30,-1.59,0.33,-1.59,0.34,-1.57,0.28,-1.77,0.13,-0.76,0.49,-0.53,0.10,-0.47,1.26,-0.51,0.42,-1.67,0.28,-0.25,0.20,-0.22,0.19,-0.21,0.19,-0.10,0.26,-0.26,0.15,-0.24,0.26,-0.27,0.17,-0.40,-0.33,0.36,0.65,-0.45,-0.35,-0.43,-0.41,-0.71,0.37,-0.66,0.48,-0.80,0.19,-0.28,0.00,-0.28,0.00,-0.35,0.00,-0.18,0.00,-0.62,0.02,-0.48,0.05
0.13,0.01,0.12,-0.01,0.13,0.00,-0.01,-0.09,0.25,0.10,0.30,0.15,0.33,0.20,0.32,0.20,0.33,0.20,0.49,0.36,0.33,0.17,0.35,0.20,0.41,0.26,0.26,0.10,0.27,0.11,0.36,0.21,0.30,0.15,0.33,0.17,0.16,0.00,0.08,-0.08,0.45,0.26,0.23,0.06,0.28,0.04,0.53,0.35,0.53,0.36,0.47,0.30,0.64,0.47,0.02,-0.11,0.06,-0.03,-0.76,-0.93,0.24,0.12,0.52,0.35,0.02,-0.05,0.01,-0.05,0.01,-0.05,-0.03,-0.08,0.04,-0.02,0.00,-0.08,0.03,-0.04,0.14,0.11,0.04,-0.01,0.14,0.10,0.15,0.12,0.06,-0.09,0.11,-0.04,-0.03,-0.16,-0.07,-0.12,-0.07,-0.12,-0.09,-0.15,-0.05,-0.09,-0.10,-0.20,0.19,0.10
0.48,-0.09,0.64,0.00,0.66,0.00,0.41,0.07,0.45,-0.32,0.48,-0.31,0.63,0.02,0.56,0.02,0.63,0.05,0.64,-0.17,0.96,0.06,0.61,-0.02,0.34,-0.25,0.36,-0.49,0.71,-0.14,0.74,-0.06,0.53,-0.24,0.56,-0.31,-1.00,-1.81,0.41,-0.34,1.05,0.00,0.63,-0.31,1.43,0.06,0.92,-0.14,0.92,-0.14,0.83,-0.19,1.16,0.11,0.29,-0.39,0.35,0.00,-0.11,-1.05,-0.07,-0.57,1.09,0.02,0.29,0.04,0.25,0.02,0.25,0.01,0.25,0.04,0.25,0.02,0.24,-0.05,0.28,0.04,0.29,0.23,0.05,-0.12,0.25,0.18,0.34,0.30,0.96,0.38,1.12,0.52,0.70,0.16,0.24,0.06,0.24,0.06,0.28,0.07,0.18,0.06,0.45,0.09,0.34,0.04
-0.52,0.05,-0.66,0.00,-0.68,0.00,-0.33,0.00,-0.69,0.10,-0.79,0.03,-0.62,-0.01,-0.57,-0.04,-0.50,0.08,-0.77,-0.07,-0.88,0.07,-0.53,0.08,-0.57,-0.04,-0.79,0.09,-0.91,-0.03,-0.95,-0.12,-1.06,-0.26,-1.02,-0.11,0.01,0.82,-0.55,0.22,-1.24,-0.12,-0.88,0.12,-1.67,-0.09,-1.44,-0.31,-1.45,-0.32,-1.33,-0.23,-1.24,-0.14,-0.25,0.45,-0.33,0.00,0.37,1.35,-0.08,0.42,-1.00,0.13,-0.15,0.06,-0.13,0.06,-0.12,0.06,-0.08,0.08,-0.16,0.03,-0.08,0.17,-0.05,0.16,-0.43,-0.40,0.04,0.18,-0.41,-0.36,-0.48,-0.48,-0.56,0.00,-0.59,0.00,-0.51,0.00,-0.15,0.01,-0.15,0.01,-0.18,0.01,-0.09,0.01,-0.41,-0.08,-0.24,0.03
0.42,0.13,0.34,0.01,0.35,0.00,0.26,0.10,0.74,0.33,0.78,0.35,0.60,0.30,0.57,0.32,0.58,0.31,0.56,0.25,0.72,0.22,0.58,0.30,0.59,0.37,0.84,0.37,0.85,0.39,0.70,0.27,0.82,0.40,0.74,0.25,1.03,0.61,0.80,0.40,0.85,0.21,0.92,0.39,1.59,0.59,1.00,0.38,1.00,0.38,0.94,0.33,0.94,0.35,0.57,0.22,0.12,-0.01,1.09,0.56,0.54,0.30,0.67,0.06,0.17,0.08,0.16,0.08,0.16,0.08,0.14,0.07,0.18,0.10,0.11,0.00,0.15,0.06,0.15,0.14,-0.12,-0.17,0.17,0.15,0.15,0.16,0.34,0.10,0.34,0.08,0.35,0.13,0.13,0.07,0.13,0.07,0.15,0.07,0.11,0.07,0.23,0.10,0.12,0.02
-0.18,0.10,-0.32,0.00,-0.34,0.00,-0.12,0.05,-0.11,0.29,-0.09,0.32,0.01,0.32,0.07,0.35,-0.13,0.18,-0.13,0.25,-0.14,0.33,-0.17,0.16,-0.30,0.01,-0.11,0.32,0.12,0.56,-0.27,0.14,-0.17,0.23,-0.25,0.19,0.29,0.70,-0.10,0.28,-0.44,0.09,-0.15,0.34,-0.69,-0.03,-0.29,0.25,-0.29,0.25,-0.27,0.25,-0.32,0.23,-0.20,0.15,-0.16,0.01,0.05,0.54,-0.02,0.24,-0.74,-0.18,-0.07,0.04,-0.08,0.02,-0.08,0.02,-0.08,0.00,-0.07,0.03,-0.09,0.04,-0.08,0.02,-0.02,-0.02,0.03,0.10,-0.02,0.00,-0.03,-0.04,0.00,0.31,0.13,0.46,-0.19,0.09,-0.05,0.02,-0.05,0.02,-0.07,0.01,-0.02,0.02,-0.17,0.01,-0.14,0.02
-0.15,0.09,-0.27,0.00,-0.28,0.00,-0.17,0.01,-0.12,0.18,-0.13,0.17,-0.09,0.20,-0.08,0.19,-0.02,0.28,-0.14,0.18,-0.10,0.22,-0.14,0.18,3.10,3.46,-0.16,0.14,-0.18,0.13,-0.12,0.17,-0.16,0.14,-0.21,0.09,-0.11,0.20,-0.14,0.16,-0.11,0.20,-0.18,0.14,0.01,0.29,-0.07,0.24,-0.07,0.25,-0.10,0.20,-0.08,0.23,-0.06,0.22,-0.25,-0.01,-0.22,0.11,-0.30,-0.03,0.64,0.98,-0.02,0.11,-0.01,0.11,-0.01,0.12,0.01,0.10,0.00,0.12,-0.05,0.12,-0.01,0.12,-0.03,0.03,-0.02,0.12,-0.05,0.03,-0.02,0.03,-0.28,0.05,-0.30,0.04,-0.25,0.07,-0.03,0.10,-0.03,0.10,-0.01,0.14,-0.04,0.07,-0.21,0.04,-0.21,0.03
0.17,-0.03,0.22,0.00,0.23,0.00,0.15,0.01,0.15,-0.11,0.20,-0.07,0.14,-0.09,0.08,-0.14,0.19,-0.04,0.29,0.04,0.35,0.06,0.22,-0.03,0.25,0.00,0.22,-0.06,0.12,-0.16,0.26,0.00,0.18,-0.09,0.25,-0.03,0.18,-0.08,0.27,0.01,0.30,-0.03,0.19,-0.11,0.12,-0.29,0.29,-0.03,0.29,-0.03,0.29,-0.03,0.33,0.02,-0.06,-0.31,0.16,-0.01,-0.35,-0.65,0.22,0.02,-0.42,-0.75,0.12,0.03,0.11,0.02,0.11,0.02,0.09,0.02,0.13,0.04,0.06,-0.06,0.14,0.04,-0.02,-0.06,-0.04,-0.14,-0.03,-0.08,-0.01,-0.04,0.30,0.06,0.30,0.05,0.31,0.08,0.13,0.03,0.13,0.03,0.15,0.04,0.11,0.03,0.20,0.03,0.20,0.04
-0.38,-0.01,-0.44,0.00,-0.46,0.00,-0.18,0.00,-0.65,-0.10,-0.71,-0.14,-0.53,-0.17,-0.50,-0.19,-0.38,-0.06,-0.76,-0.31,-0.76,-0.08,-0.37,-0.06,-0.17,0.04,-0.76,-0.13,-0.63,0.00,-0.71,-0.13,-0.69,-0.14,-0.84,-0.18,-0.59,-0.02,-0.77,-0.22,-0.98,-0.12,-0.88,-0.14,-1.52,-0.19,-1.01,-0.13,-1.02,-0.14,-0.86,-0.01,-0.93,-0.06,-0.38,0.08,-0.11,0.02,-0.24,0.48,-0.34,-0.06,-0.92,-0.07,-0.02,0.07,-0.01,0.07,-0.01,0.07,-0.06,0.02,0.01,0.10,0.01,0.10,-0.02,0.06,0.03,0.00,-0.04,-0.02,0.02,0.01,0.03,0.00,-0.21,0.04,-0.23,0.04,-0.16,0.05,-0.03,0.01,-0.03,0.01,-0.06,-0.01,0.02,0.02,-0.09,0.02,-0.04,0.02
-0.11,-0.02,-0.10,0.00,-0.11,0.00,0.01,0.02,-0.35,-0.18,-0.30,-0.13,-0.13,-0.06,-0.11,-0.07,0.06,0.09,-0.34,-0.23,-0.31,-0.09,0.11,0.14,0.34,0.26,-0.37,-0.17,-0.50,-0.31,-0.32,-0.14,-0.28,-0.13,-0.32,-0.11,-0.52,-0.35,-0.27,-0.11,-0.39,-0.07,-0.43,-0.18,-0.63,-0.07,-0.46,-0.12,-0.46,-0.13,-0.41,-0.09,-0.37,-0.03,-0.55,-0.43,0.05,0.01,-1.63,-1.38,-0.46,-0.42,-0.32,0.00,0.13,0.11,0.15,0.13,0.15,0.13,0.15,0.14,0.17,0.15,0.09,0.06,0.12,0.09,0.06,0.01,0.02,-0.03,0.09,0.03,0.05,-0.01,-0.21,-0.23,-0.34,-0.35,-0.01,-0.04,0.12,0.08,0.12,0.08,0.10,0.06,0.15,0.11,0.10,0.04,0.10,0.03
0.52,0.09,0.50,0.00,0.52,0.00,0.23,-0.01,0.92,0.31,0.95,0.32,0.74,0.29,0.69,0.30,0.67,0.25,1.00,0.50,0.94,0.22,0.70,0.27,0.25,-0.10,1.04,0.35,1.39,0.71,0.80,0.18,0.95,0.35,1.00,0.29,1.07,0.45,0.94,0.32,1.11,0.21,1.15,0.38,1.69,0.35,1.08,0.18,1.09,0.19,0.99,0.11,1.02,0.14,0.77,0.25,0.21,0.00,1.81,1.03,0.42,0.06,0.89,0.02,0.14,-0.03,0.14,-0.02,0.14,-0.02,0.18,0.04,0.12,-0.05,0.14,-0.04,0.16,0.00,0.08,0.04,-0.01,-0.10,0.06,0.00,0.11,0.07,0.24,-0.14,0.19,-0.22,0.31,-0.03,0.09,-0.02,0.09,-0.02,0.12,-0.02,0.05,-0.02,0.16,-0.04,0.16,0.02
0.06,-0.02,0.08,0.00,0.09,0.00,0.06,0.02,0.04,-0.06,0.06,-0.05,-0.10,-0.19,-0.17,-0.25,-0.07,-0.16,-0.03,-0.13,0.05,-0.06,0.15,0.05,-2.50,-2.60,0.13,0.03,0.18,0.06,0.07,-0.03,0.00,-0.10,0.05,-0.06,0.58,0.47,0.04,-0.06,0.09,-0.04,0.07,-0.05,-0.12,-0.27,0.10,-0.03,0.09,-0.04,0.19,0.07,0.09,-0.03,-0.03,-0.13,0.06,0.00,-0.35,-0.47,-0.03,-0.11,0.17,0.04,0.05,0.01,0.05,0.02,0.05,0.02,0.06,0.03,0.04,0.01,0.05,0.01,0.03,0.00,0.05,0.04,0.00,-0.03,0.05,0.04,0.05,0.05,0.00,-0.10,-0.07,-0.17,0.10,0.01,0.06,0.03,0.06,0.03,0.06,0.03,0.05,0.04,0.04,-0.03,0.06,0.02
-0.51,0.14,-0.74,0.00,-0.77,0.00,-0.34,0.06,-0.49,0.40,-0.47,0.44,-0.45,0.24,-0.44,0.18,-0.53,0.15,-0.26,0.51,-0.54,0.49,-0.48,0.23,-0.32,0.31,-0.42,0.56,-0.39,0.60,-0.64,0.27,-0.61,0.27,-0.60,0.40,0.27,1.20,-0.32,0.58,-0.83,0.37,-0.47,0.63,-1.28,0.38,-0.97,0.27,-0.98,0.26,-0.85,0.37,-1.11,0.08,-0.58,0.19,-0.38,0.01,-0.66,0.42,-0.22,0.35,-1.22,-0.01,-0.23,0.04,-0.21,0.04,-0.22,0.04,-0.14,0.09,-0.26,-0.01,-0.18,0.13,-0.27,-0.02,-0.16,-0.08,-0.09,0.12,-0.16,-0.06,-0.17,-0.11,-0.58,0.08,-0.62,0.08,-0.51,0.08,-0.13,0.07,-0.13,0.07,-0.18,0.07,-0.07,0.07,-0.23,0.14,-0.38,-0.01
-0.16,0.07,-0.27,0.00,-0.28,0.00,-0.11,-0.02,-0.13,0.23,-0.12,0.26,0.00,0.23,0.05,0.23,0.05,0.24,-0.16,0.11,-0.14,0.31,-0.12,0.07,-0.03,0.06,-0.15,0.27,-0.19,0.22,-0.13,0.25,-0.06,0.30,-0.16,0.27,-0.10,0.28,-0.10,0.26,-0.32,0.26,-0.20,0.30,-0.68,0.23,-0.36,0.24,-0.35,0.25,-0.45,0.15,-0.54,0.04,-0.20,0.08,-0.07,-0.02,-0.46,0.01,0.08,0.24,-0.49,0.08,-0.05,-0.01,-0.05,-0.01,-0.05,-0.01,-0.03,0.01,-0.05,-0.01,-0.07,-0.04,-0.10,-0.07,0.06,0.01,0.12,0.11,0.05,0.01,0.06,0.00,-0.10,0.04,-0.12,0.05,-0.08,0.03,0.10,0.09,0.10,0.09,0.06,0.07,0.11,0.08,0.51,0.54,-0.04,-0.03
0.33,0.03,0.34,0.00,0.35,0.00,0.19,0.01,0.49,0.08,0.51,0.08,0.44,0.13,0.40,0.13,0.43,0.13,0.41,0.06,0.63,0.15,0.44,0.13,0.35,0.08,0.50,0.04,0.55,0.09,0.45,0.03,0.44,0.03,0.43,-0.03,0.86,0.43,0.51,0.09,0.57,0.00,0.29,-0.23,0.59,-0.21,0.80,0.21,0.81,0.22,0.72,0.14,0.74,0.16,0.40,0.05,0.16,0.00,0.46,-0.05,0.42,0.17,0.63,0.06,0.14,0.01,0.14,0.02,0.14,0.02,0.14,0.03,0.15,0.03,0.08,-0.05,0.14,0.03,0.09,0.06,0.06,-0.02,0.07,0.03,0.11,0.09,0.24,-0.05,0.25,-0.06,0.22,-0.03,0.04,-0.04,0.04,-0.04,0.05,-0.05,0.02,-0.04,0.12,-0.04,0.12,-0.02
-0.50,-0.06,-0.51,0.00,-0.53,0.00,-0.24,-0.02,-0.79,-0.15,-0.80,-0.14,-0.41,0.05,-0.34,0.05,-0.38,0.05,-0.62,-0.11,-0.69,0.08,-0.38,0.08,2.88,3.23,-0.99,-0.26,-0.61,0.11,-0.80,-0.13,-0.87,-0.24,-1.11,-0.36,-0.90,-0.22,-0.87,-0.21,-0.92,0.02,-1.30,-0.46,-1.46,-0.08,-0.90,0.07,-0.90,0.07,-0.85,0.12,-0.86,0.08,-0.75,-0.22,-0.24,-0.06,-1.20,-0.39,-0.82,-0.46,-0.92,0.02,-0.17,-0.02,-0.16,-0.02,-0.16,-0.02,-0.14,-0.02,-0.17,-0.04,-0.11,0.04,-0.20,-0.07,0.01,0.00,0.06,0.10,0.02,0.01,0.01,-0.02,-0.42,-0.02,-0.44,0.00,-0.39,-0.05,-0.07,-0.02,-0.07,-0.02,-0.12,-0.03,-0.01,0.00,-0.29,-0.12,-0.09,0.04
0.24,-0.12,0.40,0.00,0.41,0.00,0.26,0.02,0.15,-0.31,0.13,-0.33,0.29,-0.10,0.27,-0.08,0.28,-0.12,-0.12,-0.52,0.40,-0.11,0.41,-0.02,0.47,0.03,0.01,-0.48,0.11,-0.39,0.26,-0.20,0.12,-0.34,-0.02,-0.52,-0.31,-0.77,0.15,-0.32,0.24,-0.34,-0.10,-0.63,0.56,-0.17,0.46,-0.10,0.46,-0.11,0.51,-0.04,0.57,0.00,0.23,-0.17,0.26,0.00,-0.06,-0.59,0.18,-0.15,0.53,-0.03,0.13,-0.07,0.11,-0.08,0.11,-0.08,0.14,-0.03,0.09,-0.10,0.14,-0.09,0.13,-0.08,0.08,-0.01,-0.02,-0.18,0.06,-0.04,0.11,0.03,0.45,0.03,0.48,0.04,0.40,0.01,0.16,0.01,0.16,0.01,0.19,0.02,0.12,0.01,0.23,-0.03,0.28,0.01
-1.48,0.14,-1.79,0.00,-1.85,0.00,-0.93,0.01,-1.68,0.47,-1.62,0.60,-1.23,0.45,-1.00,0.48,-1.48,0.19,-1.22,0.57,-2.01,0.51,-1.65,0.09,-1.43,0.08,-1.67,0.73,-2.00,0.44,-1.92,0.30,-1.65,0.49,-1.72,0.73,-1.36,0.91,-1.23,0.99,-2.49,0.56,-1.73,0.95,-3.75,0.50,-2.84,0.21,-2.84,0.21,-2.80,0.17,-3.23,0.05,-1.95,-0.15,-0.87,-0.02,-2.96,-0.32,-1.64,-0.31,-2.97,0.02,-0.88,-0.03,-0.84,-0.03,-0.84,-0.03,-0.83,-0.10,-0.84,0.01,-0.71,0.11,-1.45,-0.64,-0.36,-0.16,0.28,0.69,-0.32,-0.11,-0.48,-0.32,-1.59,0.02,-1.71,0.04,-1.43,-0.01,-0.40,-0.02,-0.40,-0.02,-0.50,0.00,-0.26,-0.03,-0.91,-0.08,-0.71,0.04
-1.02,-0.11,-0.99,0.00,-1.01,0.00,-0.61,0.00,-1.21,-0.04,-1.21,-0.02,-0.93,0.09,-0.92,0.03,-0.90,0.20,-0.81,0.23,-1.00,0.29,-1.01,0.18,-1.51,-0.34,-1.37,-0.12,-0.94,0.34,-0.93,0.24,-1.31,-0.15,-1.46,-0.20,-1.18,0.03,-1.51,-0.30,-1.22,0.21,-1.77,-0.41,-1.58,0.09,-1.09,0.33,-1.09,0.34,-1.15,0.20,-1.03,0.51,-1.20,-0.17,-0.70,-0.03,-2.24,-0.86,-1.15,-0.29,-1.05,0.42,-0.88,-0.31,-0.90,-0.35,-0.90,-0.36,-0.90,-0.43,-0.92,-0.36,-0.74,-0.12,-1.07,-0.50,-0.36,-0.15,-0.13,0.24,-0.32,-0.10,-0.42,-0.24,-0.79,0.40,-0.78,0.50,-0.82,0.25,-0.29,0.04,-0.29,0.04,-0.34,0.06,-0.20,0.02,-0.71,-0.04,-0.63,0.03
-0.20,-0.05,-0.16,0.00,-0.16,0.00,-0.13,-0.02,-0.11,0.06,-0.11,0.06,-0.16,0.00,-0.18,-0.02,-0.15,0.04,0.00,0.18,-0.12,0.06,-0.15,0.05,-0.46,-0.22,-0.09,0.08,-0.18,0.00,-0.12,0.04,-0.12,0.05,-0.14,0.03,-0.10,0.07,-0.02,0.15,-0.13,0.03,0.04,0.21,-0.09,0.04,-0.08,0.09,-0.09,0.07,0.05,0.20,0.07,0.25,-0.09,0.07,-0.15,-0.01,-0.08,0.10,-0.07,0.09,-0.05,0.13,-0.34,-0.23,-0.36,-0.27,-0.36,-0.27,-0.29,-0.21,-0.40,-0.30,-0.43,-0.31,-0.21,-0.11,-0.07,-0.01,-0.04,0.05,-0.06,0.00,-0.08,-0.03,0.02,0.23,0.04,0.27,-0.01,0.19,-0.03,0.06,-0.03,0.06,-0.04,0.06,-0.01,0.05,-0.06,0.09,-0.14,0.03
0.08,0.13,-0.04,0.00,-0.05,0.00,-0.02,-0.04,0.10,0.19,0.13,0.23,0.07,0.10,0.08,0.09,0.06,0.06,0.05,0.12,0.03,0.18,0.09,0.08,0.36,0.27,0.19,0.31,0.23,0.35,0.09,0.20,0.16,0.25,0.09,0.22,0.60,0.71,0.15,0.24,-0.06,0.14,0.12,0.28,-0.50,-0.16,-0.12,0.11,-0.11,0.12,-0.21,0.01,-0.28,0.01,-0.03,0.02,0.07,0.00,-0.20,-0.06,0.06,0.05,-0.13,0.09,0.21,0.22,0.22,0.24,0.22,0.25,0.34,0.37,0.17,0.21,0.15,0.10,0.36,0.35,0.01,-0.05,-0.25,-0.32,-0.01,-0.07,0.06,0.00,-0.01,-0.05,-0.04,-0.07,0.03,-0.02,0.08,0.01,0.08,0.01,0.06,-0.01,0.10,0.03,0.07,-0.01,0.12,0.00
-0.26,0.09,-0.36,0.00,-0.37,0.00,-0.16,0.01,-0.23,0.23,-0.29,0.19,-0.17,0.16,-0.13,0.15,-0.20,0.10,-0.14,0.24,-0.33,0.24,-0.28,0.03,-0.07,0.13,-0.32,0.21,-0.08,0.46,-0.36,0.13,-0.36,0.10,-0.52,0.02,0.05,0.55,-0.33,0.14,-0.45,0.26,-0.32,0.28,-0.95,0.06,-0.54,0.18,-0.53,0.19,-0.52,0.18,-0.86,-0.03,0.04,0.40,-0.13,-0.01,0.79,1.35,0.19,0.43,-0.63,0.07,-0.18,0.07,-0.16,0.09,-0.16,0.09,-0.12,0.13,-0.22,0.06,-0.03,0.13,-0.23,-0.02,-0.01,0.04,-0.02,0.04,0.04,0.08,-0.04,0.00,-0.42,-0.16,-0.42,-0.13,-0.41,-0.19,-0.12,-0.07,-0.12,-0.07,-0.16,-0.09,-0.08,-0.05,-0.22,-0.12,-0.04,0.02
-0.61,-0.07,-0.55,-0.01,-0.56,0.00,-0.47,-0.08,-0.36,0.25,-0.34,0.28,-0.41,0.17,-0.42,0.14,-0.51,0.14,-0.36,0.21,-0.29,0.35,-0.60,0.12,-0.94,-0.15,-0.31,0.33,-0.31,0.34,-0.40,0.20,-0.36,0.25,-0.44,0.20,0.22,0.85,-0.36,0.28,-0.19,0.48,-0.48,0.18,-0.65,-0.01,-0.33,0.31,-0.33,0.31,-0.33,0.27,-0.42,0.26,-0.42,0.14,-0.49,-0.04,-0.45,0.24,-0.30,0.21,-0.47,0.20,-0.96,-0.48,-0.97,-0.50,-0.98,-0.51,-1.04,-0.60,-0.98,-0.50,-0.82,-0.34,-0.96,-0.46,-0.19,0.10,-0.01,0.33,-0.17,0.11,-0.22,0.06,-0.89,-0.14,-0.94,-0.14,-0.83,-0.14,-0.33,-0.08,-0.33,-0.08,-0.39,-0.09,-0.25,-0.06,-0.60,-0.14,-0.52,-0.03
0.45,0.09,0.37,0.00,0.38,0.00,0.25,0.02,0.60,0.15,0.64,0.18,0.47,0.11,0.42,0.10,0.52,0.16,0.59,0.21,0.67,0.16,0.49,0.12,0.39,0.08,0.68,0.19,0.63,0.14,0.64,0.18,0.67,0.23,0.70,0.20,0.66,0.19,0.65,0.19,0.83,0.22,0.72,0.17,0.91,0.08,0.93,0.32,0.93,0.32,0.95,0.35,0.92,0.24,0.42,0.04,0.18,-0.03,0.46,-0.06,0.43,0.14,0.69,0.10,0.40,0.13,0.41,0.13,0.41,0.14,0.37,0.11,0.43,0.14,0.36,0.13,0.57,0.30,0.08,-0.05,-0.04,-0.19,0.09,-0.04,0.10,-0.03,0.42,0.09,0.48,0.12,0.34,0.03,0.11,-0.02,0.11,-0.02,0.11,-0.05,0.11,0.01,0.20,0.00,0.19,0.00
0.66,0.12,0.54,0.00,0.55,0.00,0.35,0.01,0.69,0.05,0.73,0.08,0.59,0.04,0.56,0.05,0.61,0.03,0.56,0.00,0.75,0.04,0.60,-0.03,0.67,0.04,0.79,0.11,0.72,0.02,0.70,0.06,0.69,0.06,0.80,0.10,0.77,0.10,0.86,0.20,0.87,0.07,0.90,0.16,1.01,0.09,0.83,0.04,0.82,0.03,0.90,0.15,1.03,0.16,0.47,-0.08,0.35,0.00,0.41,-0.32,0.52,0.06,0.65,-0.15,0.79,0.34,0.81,0.37,0.81,0.37,0.80,0.38,0.84,0.38,0.65,0.26,1.00,0.55,0.22,0.01,-0.02,-0.27,0.19,-0.01,0.28,0.07,0.64,0.01,0.71,0.04,0.52,-0.04,0.18,0.00,0.18,0.00,0.22,-0.01,0.14,0.01,0.30,-0.05,0.29,-0.05
0.17,-0.01,0.17,0.00,0.18,0.00,0.09,0.03,0.32,0.08,0.32,0.07,0.14,-0.01,0.08,-0.04,0.26,0.14,0.21,0.01,0.32,0.00,0.29,0.17,0.14,0.10,0.40,0.11,0.73,0.43,0.30,0.03,0.18,-0.06,0.23,-0.06,0.75,0.47,0.37,0.12,0.41,0.00,0.46,0.12,0.76,0.14,0.45,0.02,0.45,0.02,0.37,-0.05,0.76,0.27,0.32,0.14,0.03,0.01,1.02,0.72,-0.02,-0.12,0.55,0.15,0.02,-0.10,0.00,-0.13,0.00,-0.13,-0.10,-0.23,0.03,-0.12,0.08,0.04,-0.03,-0.12,0.03,0.03,0.03,0.02,-0.02,-0.02,0.07,0.07,0.41,0.33,0.53,0.44,0.23,0.16,0.02,0.02,0.02,0.02,0.05,0.05,-0.01,-0.01,-0.02,-0.03,0.00,0.04
0.20,-0.03,0.23,0.00,0.23,0.00,0.17,0.02,0.25,-0.02,0.25,-0.03,0.21,-0.03,0.15,-0.07,0.34,0.09,0.33,0.11,0.34,0.03,0.37,0.10,0.31,0.08,0.24,-0.05,0.54,0.24,0.30,0.02,0.13,-0.14,0.21,-0.09,0.23,-0.05,0.31,0.02,0.29,-0.06,0.18,-0.14,0.59,0.16,0.48,0.14,0.48,0.14,0.62,0.29,0.35,-0.02,0.24,0.01,0.15,0.00,0.53,0.21,0.10,-0.10,0.30,-0.04,0.10,-0.09,0.09,-0.10,0.09,-0.10,-0.03,-0.22,0.14,-0.06,0.14,-0.03,0.07,-0.12,0.04,-0.06,-0.46,-0.57,0.08,-0.01,0.08,-0.02,0.33,0.08,0.41,0.13,0.22,-0.01,0.08,-0.01,0.08,-0.01,0.08,-0.02,0.07,0.00,0.20,0.06,0.14,0.00
-0.34,-0.02,-0.31,0.00,-0.32,0.00,-0.14,0.00,-0.42,-0.01,-0.42,0.01,-0.32,-0.01,-0.31,-0.04,-0.22,0.08,-0.26,0.06,-0.44,0.06,-0.30,0.04,-0.16,0.09,-0.45,0.02,-0.25,0.23,-0.41,0.03,-0.40,0.01,-0.38,0.09,-0.51,-0.05,-0.46,-0.03,-0.59,0.02,-0.61,-0.08,-0.76,0.04,-0.57,0.04,-0.57,0.03,-0.47,0.11,-0.74,-0.05,-0.40,-0.08,-0.11,0.00,-0.86,-0.35,-0.26,-0.03,-0.59,0.01,-0.31,-0.06,-0.31,-0.06,-0.32,-0.06,-0.17,0.08,-0.41,-0.13,-0.20,-0.04,-0.49,-0.25,0.06,0.09,0.06,0.11,0.07,0.09,0.05,0.08,-0.36,-0.05,-0.41,-0.06,-0.28,-0.02,-0.04,-0.03,-0.04,-0.03,-0.06,-0.03,-0.01,-0.03,-0.12,-0.02,-0.05,0.01
0.04,0.05,0.00,0.00,-0.01,0.00,0.09,0.07,0.10,0.13,0.09,0.13,0.18,0.18,0.19,0.18,0.20,0.19,0.31,0.33,0.14,0.19,0.07,0.06,0.12,0.07,0.07,0.11,0.30,0.35,0.04,0.07,0.09,0.12,0.04,0.08,0.41,0.45,0.00,0.02,-0.07,0.00,-0.21,-0.15,-0.18,-0.06,-0.06,0.02,-0.06,0.02,-0.07,0.01,-0.04,0.07,0.16,0.17,0.05,0.01,0.15,0.19,0.32,0.30,0.10,0.19,0.02,0.02,0.02,0.02,0.02,0.02,0.02,0.02,0.02,0.03,-0.02,-0.05,0.09,0.08,0.10,0.06,0.10,0.06,0.13,0.08,0.09,0.05,-0.01,-0.03,-0.05,-0.08,0.07,0.04,0.08,0.04,0.08,0.04,0.09,0.05,0.08,0.04,0.10,0.06,0.07,0.01
-0.04,0.00,-0.06,0.00,-0.07,0.00,0.02,0.00,-0.09,-0.02,-0.15,-0.08,0.05,0.06,0.09,0.08,0.07,0.05,0.03,0.05,-0.14,-0.03,0.05,0.01,0.38,0.30,-0.24,-0.15,-0.03,0.07,-0.11,-0.03,-0.13,-0.07,-0.22,-0.12,-0.30,-0.23,-0.25,-0.18,-0.36,-0.17,-0.41,-0.30,-0.21,0.18,-0.31,-0.14,-0.31,-0.14,-0.28,-0.09,-0.27,-0.08,0.23,0.26,0.04,0.00,0.86,0.96,0.30,0.28,-0.15,-0.03,0.04,0.02,0.04,0.03,0.04,0.03,-0.02,-0.02,0.05,0.04,0.15,0.10,0.05,0.01,0.00,-0.04,0.03,-0.01,0.01,-0.03,-0.01,-0.05,0.02,-0.05,0.03,-0.04,0.00,-0.07,0.05,0.02,0.05,0.02,0.06,0.03,0.06,0.04,-0.19,-0.23,0.07,0.03
0.44,0.01,0.42,0.00,0.44,0.00,0.23,0.02,0.52,-0.01,0.54,-0.01,0.45,0.05,0.38,0.03,0.52,0.15,0.56,0.14,0.72,0.08,0.51,0.12,0.42,0.13,0.55,-0.05,0.73,0.11,0.64,0.07,0.60,0.07,0.53,-0.08,0.43,-0.15,0.50,-0.05,0.90,0.10,0.49,-0.18,1.23,0.09,0.81,0.02,0.81,0.02,0.84,0.07,0.95,0.07,0.41,-0.02,0.15,-0.02,0.52,-0.14,0.33,0.03,0.78,0.04,0.38,0.06,0.38,0.06,0.38,0.06,0.39,0.06,0.40,0.05,0.30,0.09,0.38,0.09,0.12,0.03,-0.12,-0.23,0.08,0.00,0.17,0.09,0.38,0.04,0.41,0.04,0.34,0.04,0.11,0.03,0.11,0.03,0.14,0.04,0.08,0.03,0.21,0.05,0.11,-0.02
-0.02,0.05,-0.08,0.00,-0.08,0.00,-0.02,0.01,0.05,0.14,0.09,0.18,0.07,0.13,0.06,0.12,0.04,0.09,0.25,0.34,0.07,0.19,0.04,0.10,-0.05,0.00,0.11,0.22,0.23,0.35,0.01,0.12,0.10,0.20,0.13,0.24,0.11,0.21,0.10,0.19,-0.07,0.08,0.18,0.30,-0.06,0.14,-0.06,0.10,-0.06,0.10,-0.05,0.10,0.03,0.21,-0.12,-0.05,0.00,0.02,-0.40,-0.29,-0.11,-0.06,-0.04,0.11,-0.03,0.02,-0.02,0.03,-0.02,0.03,0.00,0.06,-0.04,0.02,-0.05,-0.02,0.04,0.08,0.09,0.10,0.24,0.25,0.11,0.12,0.06,0.06,-0.16,-0.11,-0.14,-0.09,-0.18,-0.14,-0.04,-0.03,-0.04,-0.03,-0.05,-0.04,-0.02,-0.03,-0.05,-0.04,0.02,0.03
0.62,0.03,0.57,0.00,0.59,0.00,0.35,0.00,0.82,0.13,0.84,0.13,0.69,0.09,0.64,0.10,0.73,0.13,0.74,0.15,0.84,0.04,0.76,0.12,0.72,0.13,0.91,0.16,1.13,0.35,0.83,0.12,0.88,0.19,0.91,0.16,0.87,0.13,0.83,0.12,0.94,0.03,0.99,0.18,1.38,0.25,0.95,0.06,0.95,0.06,0.99,0.14,1.01,0.03,0.70,0.11,0.38,0.02,0.90,0.09,0.74,0.26,0.93,0.05,0.47,-0.03,0.48,-0.02,0.48,-0.02,0.47,-0.02,0.53,0.00,0.27,-0.13,0.55,0.07,0.26,0.04,0.09,-0.16,0.23,0.03,0.30,0.08,0.50,-0.12,0.51,-0.15,0.48,-0.07,0.19,0.00,0.19,0.00,0.20,-0.03,0.14,-0.01,0.73,0.40,0.30,-0.01
-0.85,0.09,-0.94,0.00,-0.96,0.00,-0.55,0.04,-0.77,0.32,-0.80,0.33,-0.64,0.31,-0.61,0.28,-0.68,0.29,-0.60,0.34,-0.75,0.49,-0.79,0.24,-0.70,0.27,-0.83,0.35,-0.74,0.47,-0.87,0.26,-0.78,0.30,-0.85,0.33,-0.81,0.34,-0.71,0.42,-1.08,0.31,-0.88,0.39,-1.21,0.53,-1.17,0.19,-1.16,0.19,-1.22,0.09,-1.36,0.11,-0.62,0.31,-0.56,0.04,-0.41,0.85,-0.48,0.30,-1.12,0.22,-0.83,-0.05,-0.84,-0.07,-0.84,-0.07,-0.91,-0.15,-0.86,-0.06,-0.56,0.10,-0.99,-0.23,-0.27,0.10,0.07,0.51,-0.25,0.09,-0.33,0.04,-0.87,0.13,-0.89,0.17,-0.84,0.08,-0.26,0.10,-0.26,0.10,-0.32,0.10,-0.18,0.09,-0.53,0.04,-0.50,0.06
-0.56,-0.10,-0.44,0.00,-0.46,0.00,-0.23,0.02,-0.81,-0.25,-0.88,-0.29,-0.62,-0.18,-0.60,-0.20,-0.52,-0.11,-0.88,-0.40,-0.79,-0.11,-0.46,-0.02,-0.30,0.02,-1.01,-0.38,-1.01,-0.35,-0.78,-0.18,-0.81,-0.25,-0.94,-0.31,-1.32,-0.71,-0.91,-0.34,-0.97,-0.19,-1.15,-0.45,-1.38,-0.33,-0.89,-0.09,-0.89,-0.09,-0.90,-0.13,-0.71,0.19,-0.52,-0.07,-0.16,0.05,-0.94,-0.26,-0.50,-0.17,-0.69,0.09,-0.43,-0.08,-0.45,-0.09,-0.45,-0.09,-0.53,-0.18,-0.45,-0.06,-0.29,-0.04,-0.44,-0.12,-0.02,0.09,0.28,0.42,0.01,0.10,-0.08,0.02,-0.28,0.11,-0.31,0.11,-0.24,0.10,-0.04,0.08,-0.04,0.08,-0.08,0.07,0.01,0.09,-0.12,0.07,-0.10,0.05
0.50,0.02,0.48,0.00,0.49,0.00,0.29,0.00,0.55,-0.02,0.55,-0.04,0.47,-0.01,0.47,0.02,0.52,0.04,0.43,-0.07,0.54,-0.12,0.36,-0.15,0.44,-0.04,0.58,-0.03,0.59,-0.06,0.50,-0.09,0.56,-0.01,0.57,-0.05,0.51,-0.09,0.51,-0.07,0.60,-0.13,0.80,0.12,0.89,-0.01,0.61,-0.12,0.61,-0.12,0.51,-0.18,0.78,-0.03,0.52,0.05,0.30,0.02,0.79,0.12,0.45,0.07,0.72,-0.01,0.50,0.10,0.50,0.11,0.50,0.11,0.51,0.13,0.51,0.10,0.39,0.07,0.66,0.28,0.17,0.01,0.08,-0.12,0.11,-0.03,0.21,0.05,0.57,0.07,0.58,0.05,0.55,0.09,0.18,0.02,0.18,0.02,0.22,0.03,0.13,0.01,0.26,0.00,0.25,0.01
0.60,-0.02,0.62,0.00,0.63,0.00,0.36,0.01,0.72,-0.03,0.72,-0.06,0.55,-0.05,0.51,-0.04,0.62,0.04,0.47,-0.16,0.78,-0.12,0.56,-0.04,0.38,-0.11,0.79,-0.05,0.65,-0.21,0.71,-0.09,0.65,-0.10,0.83,0.00,0.55,-0.26,0.85,0.08,0.84,-0.20,1.07,0.14,1.46,0.05,0.88,-0.16,0.88,-0.17,0.87,-0.14,1.15,-0.02,0.71,0.10,0.35,0.03,1.20,0.30,0.56,0.09,1.02,0.01,0.46,-0.02,0.46,-0.01,0.47,-0.01,0.49,0.01,0.48,-0.03,0.35,0.00,0.54,0.10,0.20,0.03,0.09,-0.13,0.15,0.00,0.25,0.08,0.41,-0.14,0.39,-0.19,0.44,-0.06,0.16,-0.02,0.16,-0.02,0.19,-0.03,0.12,-0.01,0.21,-0.08,0.33,0.05
0.07,0.03,0.03,0.00,0.02,0.00,0.08,0.04,0.06,0.03,0.07,0.04,0.06,0.01,0.08,0.02,0.07,0.01,0.17,0.14,0.02,0.00,-0.02,-0.09,0.42,0.32,0.10,0.08,0.06,0.04,0.03,0.00,0.00,-0.03,0.10,0.08,0.39,0.36,0.06,0.02,-0.02,-0.02,0.04,0.03,-0.21,-0.14,-0.13,-0.12,-0.13,-0.12,-0.17,-0.16,-0.17,-0.15,0.01,-0.03,0.09,0.03,-0.04,-0.07,0.24,0.19,-0.37,-0.37,0.12,0.07,0.14,0.09,0.14,0.09,0.16,0.12,0.15,0.10,0.04,-0.02,0.11,0.04,0.03,-0.01,0.08,0.03,0.03,-0.01,0.02,-0.02,-0.08,-0.18,-0.15,-0.24,0.02,-0.07,0.04,0.01,0.04,0.01,0.05,0.01,0.03,0.00,0.16,0.11,0.04,-0.02
0.16,0.03,0.13,0.00,0.13,0.00,0.11,0.05,0.21,0.04,0.24,0.06,0.18,0.05,0.15,0.04,0.25,0.11,0.18,0.04,0.31,0.10,0.17,0.02,,,0.26,0.07,0.23,0.03,0.21,0.03,0.09,-0.08,0.25,0.06,0.36,0.17,0.26,0.08,0.26,0.02,0.33,0.11,0.55,0.25,0.28,0.04,0.28,0.03,0.39,0.17,0.43,0.13,0.06,-0.07,0.07,0.03,0.01,-0.21,0.02,-0.07,0.16,-0.08,0.16,0.04,0.16,0.04,0.16,0.04,0.13,0.01,0.19,0.06,0.10,0.02,0.14,0.03,0.05,0.05,0.05,0.03,0.06,0.06,0.04,0.04,0.24,0.09,0.20,0.04,0.29,0.17,0.09,0.09,0.09,0.09,0.12,0.12,0.06,0.07,0.06,0.02,0.09,0.07
0.76,-0.03,0.79,0.00,0.80,0.00,0.49,0.00,0.87,-0.06,0.91,-0.05,0.74,-0.05,0.66,-0.07,0.80,-0.01,0.85,0.07,1.10,0.02,0.84,-0.02,,,0.97,-0.05,0.80,-0.26,0.97,0.00,0.87,-0.05,1.02,-0.01,0.96,-0.03,0.93,-0.05,1.17,-0.08,1.04,-0.08,1.42,-0.12,1.16,-0.04,1.17,-0.03,1.11,-0.03,1.25,-0.14,0.67,-0.10,0.46,0.00,0.68,-0.44,0.62,0.00,1.11,-0.05,0.63,-0.04,0.63,-0.04,0.63,-0.04,0.57,-0.08,0.67,-0.05,0.56,0.04,0.71,0.07,0.27,0.02,0.03,-0.32,0.21,0.00,0.32,0.07,0.76,-0.05,0.81,-0.05,0.68,-0.06,0.26,0.02,0.26,0.02,0.32,0.02,0.18,0.01,0.44,0.03,0.33,-0.06
,,,,,,,,,,,,,,,,,,,,,,,,,,,,,,,,,,,,,,,,,,,,,,,,,,,,,,,,,,,,,,,,,,,,,,,,,,,,,,,,,,,,,,,,,,,,,,,,,,,,,,,
,,,,,,,,,,,,,,,,,,,,,,,,,,,,,,,,,,,,,,,,,,,,,,,,,,,,,,,,,,,,,,,,,,,,,,,,,,,,,,,,,,,,,,,,,,,,,,,,,,,,,,,
,,,,,,,,,,,,,,,,,,,,,,,,,,,,,,,,,,,,,,,,,,,,,,,,,,,,,,,,,,,,,,,,,,,,,,,,,,,,,,,,,,,,,,,,,,,,,,,,,,,,,,,
,,,,,,,,,,,,,,,,,,,,,,,,,,,,,,,,,,,,,,,,,,,,,,,,,,,,,,,,,,,,,,,,,,,,,,,,,,,,,,,,,,,,,,,,,,,,,,,,,,,,,,,
,,,,,,,,,,,,,,,,,,,,,,,,,,,,,,,,,,,,,,,,,,,,,,,,,,,,,,,,,,,,,,,,,,,,,,,,,,,,,,,,,,,,,,,,,,,,,,,,,,,,,,,
,,,,,,,,,,,,,,,,,,,,,,,,,,,,,,,,,,,,,,,,,,,,,,,,,,,,,,,,,,,,,,,,,,,,,,,,,,,,,,,,,,,,,,,,,,,,,,,,,,,,,,,
,,,,,,,,,,,,,,,,,,,,,,,,,,,,,,,,,,,,,,,,,,,,,,,,,,,,,,,,,,,,,,,,,,,,,,,,,,,,,,,,,,,,,,,,,,,,,,,,,,,,,,,
,,,,,,,,,,,,,,,,,,,,,,,,,,,,,,,,,,,,,,,,,,,,,,,,,,,,,,,,,,,,,,,,,,,,,,,,,,,,,,,,,,,,,,,,,,,,,,,,,,,,,,,
,,,,,,,,,,,,,,,,,,,,,,,,,,,,,,,,,,,,,,,,,,,,,,,,,,,,,,,,,,,,,,,,,,,,,,,,,,,,,,,,,,,,,,,,,,,,,,,,,,,,,,,
